Domain,Area,Element,Item,Year,Unit,Value
Pesticides Use,Albania,Use,Pesticides (total),2010,tonnes of active ingredients,1311.17
Pesticides Use,Albania,Use,Pesticides (total),2011,tonnes of active ingredients,1302.63
Pesticides Use,Albania,Use,Pesticides (total),2012,tonnes of active ingredients,766.25
Pesticides Use,Albania,Use,Pesticides (total),2013,tonnes of active ingredients,982.32
Pesticides Use,Albania,Use,Pesticides (total),2014,tonnes of active ingredients,1365.34
Pesticides Use,Albania,Use,Pesticides (total),2015,tonnes of active ingredients,1300.84
Pesticides Use,Algeria,Use,Pesticides (total),2010,tonnes of active ingredients,1295.88
Pesticides Use,Algeria,Use,Pesticides (total),2011,tonnes of active ingredients,13861.76
Pesticides Use,Algeria,Use,Pesticides (total),2012,tonnes of active ingredients,17379.76
Pesticides Use,Algeria,Use,Pesticides (total),2013,tonnes of active ingredients,17278.65
Pesticides Use,Algeria,Use,Pesticides (total),2014,tonnes of active ingredients,14258.22
Pesticides Use,Algeria,Use,Pesticides (total),2015,tonnes of active ingredients,14258.22
Pesticides Use,Angola,Use,Pesticides (total),2010,tonnes of active ingredients,40.0
Pesticides Use,Angola,Use,Pesticides (total),2011,tonnes of active ingredients,40.0
Pesticides Use,Angola,Use,Pesticides (total),2012,tonnes of active ingredients,40.0
Pesticides Use,Angola,Use,Pesticides (total),2013,tonnes of active ingredients,40.0
Pesticides Use,Angola,Use,Pesticides (total),2014,tonnes of active ingredients,40.0
Pesticides Use,Angola,Use,Pesticides (total),2015,tonnes of active ingredients,40.0
Pesticides Use,Antigua and Barbuda,Use,Pesticides (total),2010,tonnes of active ingredients,7.52
Pesticides Use,Antigua and Barbuda,Use,Pesticides (total),2011,tonnes of active ingredients,39.26
Pesticides Use,Antigua and Barbuda,Use,Pesticides (total),2012,tonnes of active ingredients,31.5
Pesticides Use,Antigua and Barbuda,Use,Pesticides (total),2013,tonnes of active ingredients,28.3
Pesticides Use,Antigua and Barbuda,Use,Pesticides (total),2014,tonnes of active ingredients,27.47
Pesticides Use,Antigua and Barbuda,Use,Pesticides (total),2015,tonnes of active ingredients,26.64
Pesticides Use,Argentina,Use,Pesticides (total),2010,tonnes of active ingredients,105915.04
Pesticides Use,Argentina,Use,Pesticides (total),2011,tonnes of active ingredients,100424.62
Pesticides Use,Argentina,Use,Pesticides (total),2012,tonnes of active ingredients,136185.08
Pesticides Use,Argentina,Use,Pesticides (total),2013,tonnes of active ingredients,171945.54
Pesticides Use,Argentina,Use,Pesticides (total),2014,tonnes of active ingredients,207706.0
Pesticides Use,Argentina,Use,Pesticides (total),2015,tonnes of active ingredients,207706.0
Pesticides Use,Armenia,Use,Pesticides (total),2010,tonnes of active ingredients,278.72
Pesticides Use,Armenia,Use,Pesticides (total),2011,tonnes of active ingredients,278.72
Pesticides Use,Armenia,Use,Pesticides (total),2012,tonnes of active ingredients,278.72
Pesticides Use,Armenia,Use,Pesticides (total),2013,tonnes of active ingredients,278.72
Pesticides Use,Armenia,Use,Pesticides (total),2014,tonnes of active ingredients,278.72
Pesticides Use,Armenia,Use,Pesticides (total),2015,tonnes of active ingredients,278.72
Pesticides Use,Australia,Use,Pesticides (total),2010,tonnes of active ingredients,42169.39
Pesticides Use,Australia,Use,Pesticides (total),2011,tonnes of active ingredients,47632.99
Pesticides Use,Australia,Use,Pesticides (total),2012,tonnes of active ingredients,48687.88
Pesticides Use,Australia,Use,Pesticides (total),2013,tonnes of active ingredients,45177.18
Pesticides Use,Australia,Use,Pesticides (total),2014,tonnes of active ingredients,49857.36
Pesticides Use,Australia,Use,Pesticides (total),2015,tonnes of active ingredients,50921.6
Pesticides Use,Austria,Use,Pesticides (total),2010,tonnes of active ingredients,3692.4
Pesticides Use,Austria,Use,Pesticides (total),2011,tonnes of active ingredients,3441.5
Pesticides Use,Austria,Use,Pesticides (total),2012,tonnes of active ingredients,3563.3
Pesticides Use,Austria,Use,Pesticides (total),2013,tonnes of active ingredients,3108.6
Pesticides Use,Austria,Use,Pesticides (total),2014,tonnes of active ingredients,3380.7
Pesticides Use,Austria,Use,Pesticides (total),2015,tonnes of active ingredients,3787.1
Pesticides Use,Azerbaijan,Use,Pesticides (total),2010,tonnes of active ingredients,333.85
Pesticides Use,Azerbaijan,Use,Pesticides (total),2011,tonnes of active ingredients,461.84
Pesticides Use,Azerbaijan,Use,Pesticides (total),2012,tonnes of active ingredients,516.35
Pesticides Use,Azerbaijan,Use,Pesticides (total),2013,tonnes of active ingredients,489.8
Pesticides Use,Azerbaijan,Use,Pesticides (total),2014,tonnes of active ingredients,531.84
Pesticides Use,Azerbaijan,Use,Pesticides (total),2015,tonnes of active ingredients,529.69
Pesticides Use,Bahamas,Use,Pesticides (total),2010,tonnes of active ingredients,268.2
Pesticides Use,Bahamas,Use,Pesticides (total),2011,tonnes of active ingredients,268.2
Pesticides Use,Bahamas,Use,Pesticides (total),2012,tonnes of active ingredients,268.2
Pesticides Use,Bahamas,Use,Pesticides (total),2013,tonnes of active ingredients,268.2
Pesticides Use,Bahamas,Use,Pesticides (total),2014,tonnes of active ingredients,268.2
Pesticides Use,Bahamas,Use,Pesticides (total),2015,tonnes of active ingredients,268.2
Pesticides Use,Bahrain,Use,Pesticides (total),2010,tonnes of active ingredients,9.84
Pesticides Use,Bahrain,Use,Pesticides (total),2011,tonnes of active ingredients,9.14
Pesticides Use,Bahrain,Use,Pesticides (total),2012,tonnes of active ingredients,9.14
Pesticides Use,Bahrain,Use,Pesticides (total),2013,tonnes of active ingredients,9.14
Pesticides Use,Bahrain,Use,Pesticides (total),2014,tonnes of active ingredients,9.14
Pesticides Use,Bahrain,Use,Pesticides (total),2015,tonnes of active ingredients,9.14
Pesticides Use,Bangladesh,Use,Pesticides (total),2010,tonnes of active ingredients,13283.72
Pesticides Use,Bangladesh,Use,Pesticides (total),2011,tonnes of active ingredients,14798.28
Pesticides Use,Bangladesh,Use,Pesticides (total),2012,tonnes of active ingredients,13289.18
Pesticides Use,Bangladesh,Use,Pesticides (total),2013,tonnes of active ingredients,15330.16
Pesticides Use,Bangladesh,Use,Pesticides (total),2014,tonnes of active ingredients,15857.26
Pesticides Use,Bangladesh,Use,Pesticides (total),2015,tonnes of active ingredients,13364.42
Pesticides Use,Barbados,Use,Pesticides (total),2010,tonnes of active ingredients,168.46
Pesticides Use,Barbados,Use,Pesticides (total),2011,tonnes of active ingredients,168.46
Pesticides Use,Barbados,Use,Pesticides (total),2012,tonnes of active ingredients,168.46
Pesticides Use,Barbados,Use,Pesticides (total),2013,tonnes of active ingredients,168.46
Pesticides Use,Barbados,Use,Pesticides (total),2014,tonnes of active ingredients,168.46
Pesticides Use,Barbados,Use,Pesticides (total),2015,tonnes of active ingredients,168.46
Pesticides Use,Belarus,Use,Pesticides (total),2010,tonnes of active ingredients,8306.31
Pesticides Use,Belarus,Use,Pesticides (total),2011,tonnes of active ingredients,8306.31
Pesticides Use,Belarus,Use,Pesticides (total),2012,tonnes of active ingredients,9578.67
Pesticides Use,Belarus,Use,Pesticides (total),2013,tonnes of active ingredients,9163.51
Pesticides Use,Belarus,Use,Pesticides (total),2014,tonnes of active ingredients,8154.96
Pesticides Use,Belarus,Use,Pesticides (total),2015,tonnes of active ingredients,5587.32
Pesticides Use,Belgium,Use,Pesticides (total),2010,tonnes of active ingredients,4644.53
Pesticides Use,Belgium,Use,Pesticides (total),2011,tonnes of active ingredients,5740.44
Pesticides Use,Belgium,Use,Pesticides (total),2012,tonnes of active ingredients,6139.3
Pesticides Use,Belgium,Use,Pesticides (total),2013,tonnes of active ingredients,5905.6
Pesticides Use,Belgium,Use,Pesticides (total),2014,tonnes of active ingredients,6490.46
Pesticides Use,Belgium,Use,Pesticides (total),2015,tonnes of active ingredients,5848.25
Pesticides Use,Belize,Use,Pesticides (total),2010,tonnes of active ingredients,700.39
Pesticides Use,Belize,Use,Pesticides (total),2011,tonnes of active ingredients,826.58
Pesticides Use,Belize,Use,Pesticides (total),2012,tonnes of active ingredients,638.28
Pesticides Use,Belize,Use,Pesticides (total),2013,tonnes of active ingredients,1036.68
Pesticides Use,Belize,Use,Pesticides (total),2014,tonnes of active ingredients,880.1
Pesticides Use,Belize,Use,Pesticides (total),2015,tonnes of active ingredients,880.1
Pesticides Use,Bermuda,Use,Pesticides (total),2010,tonnes of active ingredients,159.88
Pesticides Use,Bermuda,Use,Pesticides (total),2011,tonnes of active ingredients,159.88
Pesticides Use,Bermuda,Use,Pesticides (total),2012,tonnes of active ingredients,159.88
Pesticides Use,Bermuda,Use,Pesticides (total),2013,tonnes of active ingredients,159.88
Pesticides Use,Bermuda,Use,Pesticides (total),2014,tonnes of active ingredients,135.38
Pesticides Use,Bermuda,Use,Pesticides (total),2015,tonnes of active ingredients,136.62
Pesticides Use,Bhutan,Use,Pesticides (total),2010,tonnes of active ingredients,8.41
Pesticides Use,Bhutan,Use,Pesticides (total),2011,tonnes of active ingredients,9.38
Pesticides Use,Bhutan,Use,Pesticides (total),2012,tonnes of active ingredients,7.5
Pesticides Use,Bhutan,Use,Pesticides (total),2013,tonnes of active ingredients,5.31
Pesticides Use,Bhutan,Use,Pesticides (total),2014,tonnes of active ingredients,3.14
Pesticides Use,Bhutan,Use,Pesticides (total),2015,tonnes of active ingredients,6.24
Pesticides Use,Bolivia (Plurinational State of),Use,Pesticides (total),2010,tonnes of active ingredients,19611.14
Pesticides Use,Bolivia (Plurinational State of),Use,Pesticides (total),2011,tonnes of active ingredients,21144.2
Pesticides Use,Bolivia (Plurinational State of),Use,Pesticides (total),2012,tonnes of active ingredients,24075.02
Pesticides Use,Bolivia (Plurinational State of),Use,Pesticides (total),2013,tonnes of active ingredients,28999.99
Pesticides Use,Bolivia (Plurinational State of),Use,Pesticides (total),2014,tonnes of active ingredients,26581.05
Pesticides Use,Bolivia (Plurinational State of),Use,Pesticides (total),2015,tonnes of active ingredients,25278.54
Pesticides Use,Botswana,Use,Pesticides (total),2010,tonnes of active ingredients,17.0
Pesticides Use,Botswana,Use,Pesticides (total),2011,tonnes of active ingredients,17.0
Pesticides Use,Botswana,Use,Pesticides (total),2012,tonnes of active ingredients,17.0
Pesticides Use,Botswana,Use,Pesticides (total),2013,tonnes of active ingredients,17.0
Pesticides Use,Botswana,Use,Pesticides (total),2014,tonnes of active ingredients,17.0
Pesticides Use,Botswana,Use,Pesticides (total),2015,tonnes of active ingredients,17.0
Pesticides Use,Brazil,Use,Pesticides (total),2010,tonnes of active ingredients,342580.0
Pesticides Use,Brazil,Use,Pesticides (total),2011,tonnes of active ingredients,345026.0
Pesticides Use,Brazil,Use,Pesticides (total),2012,tonnes of active ingredients,346583.0
Pesticides Use,Brazil,Use,Pesticides (total),2013,tonnes of active ingredients,367778.0
Pesticides Use,Brazil,Use,Pesticides (total),2014,tonnes of active ingredients,352336.0
Pesticides Use,Brazil,Use,Pesticides (total),2015,tonnes of active ingredients,395646.0
Pesticides Use,Brunei Darussalam,Use,Pesticides (total),2010,tonnes of active ingredients,38.49
Pesticides Use,Brunei Darussalam,Use,Pesticides (total),2011,tonnes of active ingredients,9.06
Pesticides Use,Brunei Darussalam,Use,Pesticides (total),2012,tonnes of active ingredients,1.62
Pesticides Use,Brunei Darussalam,Use,Pesticides (total),2013,tonnes of active ingredients,11.97
Pesticides Use,Brunei Darussalam,Use,Pesticides (total),2014,tonnes of active ingredients,20.54
Pesticides Use,Brunei Darussalam,Use,Pesticides (total),2015,tonnes of active ingredients,20.54
Pesticides Use,Bulgaria,Use,Pesticides (total),2010,tonnes of active ingredients,1588.5
Pesticides Use,Bulgaria,Use,Pesticides (total),2011,tonnes of active ingredients,1459.75
Pesticides Use,Bulgaria,Use,Pesticides (total),2012,tonnes of active ingredients,1331.0
Pesticides Use,Bulgaria,Use,Pesticides (total),2013,tonnes of active ingredients,1197.0
Pesticides Use,Bulgaria,Use,Pesticides (total),2014,tonnes of active ingredients,1001.0
Pesticides Use,Bulgaria,Use,Pesticides (total),2015,tonnes of active ingredients,1541.9
Pesticides Use,Burkina Faso,Use,Pesticides (total),2010,tonnes of active ingredients,442.89
Pesticides Use,Burkina Faso,Use,Pesticides (total),2011,tonnes of active ingredients,843.0
Pesticides Use,Burkina Faso,Use,Pesticides (total),2012,tonnes of active ingredients,843.0
Pesticides Use,Burkina Faso,Use,Pesticides (total),2013,tonnes of active ingredients,843.0
Pesticides Use,Burkina Faso,Use,Pesticides (total),2014,tonnes of active ingredients,843.0
Pesticides Use,Burkina Faso,Use,Pesticides (total),2015,tonnes of active ingredients,843.0
Pesticides Use,Burundi,Use,Pesticides (total),2010,tonnes of active ingredients,264.53
Pesticides Use,Burundi,Use,Pesticides (total),2011,tonnes of active ingredients,75.64
Pesticides Use,Burundi,Use,Pesticides (total),2012,tonnes of active ingredients,98.59
Pesticides Use,Burundi,Use,Pesticides (total),2013,tonnes of active ingredients,956.06
Pesticides Use,Burundi,Use,Pesticides (total),2014,tonnes of active ingredients,34.92
Pesticides Use,Burundi,Use,Pesticides (total),2015,tonnes of active ingredients,28.18
Pesticides Use,Cabo Verde,Use,Pesticides (total),2010,tonnes of active ingredients,5.0
Pesticides Use,Cabo Verde,Use,Pesticides (total),2011,tonnes of active ingredients,5.0
Pesticides Use,Cabo Verde,Use,Pesticides (total),2012,tonnes of active ingredients,5.0
Pesticides Use,Cabo Verde,Use,Pesticides (total),2013,tonnes of active ingredients,5.0
Pesticides Use,Cabo Verde,Use,Pesticides (total),2014,tonnes of active ingredients,5.0
Pesticides Use,Cabo Verde,Use,Pesticides (total),2015,tonnes of active ingredients,5.0
Pesticides Use,Cameroon,Use,Pesticides (total),2010,tonnes of active ingredients,1160.63
Pesticides Use,Cameroon,Use,Pesticides (total),2011,tonnes of active ingredients,1372.47
Pesticides Use,Cameroon,Use,Pesticides (total),2012,tonnes of active ingredients,1372.47
Pesticides Use,Cameroon,Use,Pesticides (total),2013,tonnes of active ingredients,1372.47
Pesticides Use,Cameroon,Use,Pesticides (total),2014,tonnes of active ingredients,1372.47
Pesticides Use,Cameroon,Use,Pesticides (total),2015,tonnes of active ingredients,1372.47
Pesticides Use,Canada,Use,Pesticides (total),2010,tonnes of active ingredients,61050.0
Pesticides Use,Canada,Use,Pesticides (total),2011,tonnes of active ingredients,62107.2
Pesticides Use,Canada,Use,Pesticides (total),2012,tonnes of active ingredients,73508.9
Pesticides Use,Canada,Use,Pesticides (total),2013,tonnes of active ingredients,81659.8
Pesticides Use,Canada,Use,Pesticides (total),2014,tonnes of active ingredients,76314.0
Pesticides Use,Canada,Use,Pesticides (total),2015,tonnes of active ingredients,75318.3
Pesticides Use,Central African Republic,Use,Pesticides (total),2010,tonnes of active ingredients,22.87
Pesticides Use,Central African Republic,Use,Pesticides (total),2011,tonnes of active ingredients,22.87
Pesticides Use,Central African Republic,Use,Pesticides (total),2012,tonnes of active ingredients,22.87
Pesticides Use,Central African Republic,Use,Pesticides (total),2013,tonnes of active ingredients,22.87
Pesticides Use,Central African Republic,Use,Pesticides (total),2014,tonnes of active ingredients,22.87
Pesticides Use,Central African Republic,Use,Pesticides (total),2015,tonnes of active ingredients,22.87
Pesticides Use,Chad,Use,Pesticides (total),2010,tonnes of active ingredients,42.0
Pesticides Use,Chad,Use,Pesticides (total),2011,tonnes of active ingredients,42.0
Pesticides Use,Chad,Use,Pesticides (total),2012,tonnes of active ingredients,42.0
Pesticides Use,Chad,Use,Pesticides (total),2013,tonnes of active ingredients,42.0
Pesticides Use,Chad,Use,Pesticides (total),2014,tonnes of active ingredients,42.0
Pesticides Use,Chad,Use,Pesticides (total),2015,tonnes of active ingredients,42.0
Pesticides Use,Chile,Use,Pesticides (total),2010,tonnes of active ingredients,9830.72
Pesticides Use,Chile,Use,Pesticides (total),2011,tonnes of active ingredients,9830.72
Pesticides Use,Chile,Use,Pesticides (total),2012,tonnes of active ingredients,9830.72
Pesticides Use,Chile,Use,Pesticides (total),2013,tonnes of active ingredients,9830.72
Pesticides Use,Chile,Use,Pesticides (total),2014,tonnes of active ingredients,9830.72
Pesticides Use,Chile,Use,Pesticides (total),2015,tonnes of active ingredients,9830.72
Pesticides Use,"China, Hong Kong SAR",Use,Pesticides (total),2010,tonnes of active ingredients,41.0
Pesticides Use,"China, Hong Kong SAR",Use,Pesticides (total),2011,tonnes of active ingredients,63.0
Pesticides Use,"China, Hong Kong SAR",Use,Pesticides (total),2012,tonnes of active ingredients,56.0
Pesticides Use,"China, Hong Kong SAR",Use,Pesticides (total),2013,tonnes of active ingredients,57.0
Pesticides Use,"China, Hong Kong SAR",Use,Pesticides (total),2014,tonnes of active ingredients,58.0
Pesticides Use,"China, Hong Kong SAR",Use,Pesticides (total),2015,tonnes of active ingredients,51.0
Pesticides Use,"China, Macao SAR",Use,Pesticides (total),2010,tonnes of active ingredients,29.07
Pesticides Use,"China, Macao SAR",Use,Pesticides (total),2011,tonnes of active ingredients,29.11
Pesticides Use,"China, Macao SAR",Use,Pesticides (total),2012,tonnes of active ingredients,30.01
Pesticides Use,"China, Macao SAR",Use,Pesticides (total),2013,tonnes of active ingredients,30.12
Pesticides Use,"China, Macao SAR",Use,Pesticides (total),2014,tonnes of active ingredients,29.68
Pesticides Use,"China, Macao SAR",Use,Pesticides (total),2015,tonnes of active ingredients,32.07
Pesticides Use,"China, mainland",Use,Pesticides (total),2010,tonnes of active ingredients,1758000.0
Pesticides Use,"China, mainland",Use,Pesticides (total),2011,tonnes of active ingredients,1787002.0
Pesticides Use,"China, mainland",Use,Pesticides (total),2012,tonnes of active ingredients,1806000.0
Pesticides Use,"China, mainland",Use,Pesticides (total),2013,tonnes of active ingredients,1801862.0
Pesticides Use,"China, mainland",Use,Pesticides (total),2014,tonnes of active ingredients,1807000.0
Pesticides Use,"China, mainland",Use,Pesticides (total),2015,tonnes of active ingredients,1763000.0
Pesticides Use,"China, Taiwan Province of",Use,Pesticides (total),2010,tonnes of active ingredients,7850.0
Pesticides Use,"China, Taiwan Province of",Use,Pesticides (total),2011,tonnes of active ingredients,8254.0
Pesticides Use,"China, Taiwan Province of",Use,Pesticides (total),2012,tonnes of active ingredients,9396.0
Pesticides Use,"China, Taiwan Province of",Use,Pesticides (total),2013,tonnes of active ingredients,9632.0
Pesticides Use,"China, Taiwan Province of",Use,Pesticides (total),2014,tonnes of active ingredients,8619.0
Pesticides Use,"China, Taiwan Province of",Use,Pesticides (total),2015,tonnes of active ingredients,9296.0
Pesticides Use,Colombia,Use,Pesticides (total),2010,tonnes of active ingredients,48618.46
Pesticides Use,Colombia,Use,Pesticides (total),2011,tonnes of active ingredients,53797.0
Pesticides Use,Colombia,Use,Pesticides (total),2012,tonnes of active ingredients,48727.73
Pesticides Use,Colombia,Use,Pesticides (total),2013,tonnes of active ingredients,54563.38
Pesticides Use,Colombia,Use,Pesticides (total),2014,tonnes of active ingredients,73744.34
Pesticides Use,Colombia,Use,Pesticides (total),2015,tonnes of active ingredients,52883.0
Pesticides Use,Comoros,Use,Pesticides (total),2010,tonnes of active ingredients,0.03
Pesticides Use,Comoros,Use,Pesticides (total),2011,tonnes of active ingredients,0.03
Pesticides Use,Comoros,Use,Pesticides (total),2012,tonnes of active ingredients,0.03
Pesticides Use,Comoros,Use,Pesticides (total),2013,tonnes of active ingredients,0.03
Pesticides Use,Comoros,Use,Pesticides (total),2014,tonnes of active ingredients,0.03
Pesticides Use,Comoros,Use,Pesticides (total),2015,tonnes of active ingredients,0.03
Pesticides Use,Congo,Use,Pesticides (total),2010,tonnes of active ingredients,0.87
Pesticides Use,Congo,Use,Pesticides (total),2011,tonnes of active ingredients,0.87
Pesticides Use,Congo,Use,Pesticides (total),2012,tonnes of active ingredients,0.87
Pesticides Use,Congo,Use,Pesticides (total),2013,tonnes of active ingredients,0.87
Pesticides Use,Congo,Use,Pesticides (total),2014,tonnes of active ingredients,0.87
Pesticides Use,Congo,Use,Pesticides (total),2015,tonnes of active ingredients,0.87
Pesticides Use,Cook Islands,Use,Pesticides (total),2010,tonnes of active ingredients,3.33
Pesticides Use,Cook Islands,Use,Pesticides (total),2011,tonnes of active ingredients,3.33
Pesticides Use,Cook Islands,Use,Pesticides (total),2012,tonnes of active ingredients,3.33
Pesticides Use,Cook Islands,Use,Pesticides (total),2013,tonnes of active ingredients,3.33
Pesticides Use,Cook Islands,Use,Pesticides (total),2014,tonnes of active ingredients,3.33
Pesticides Use,Cook Islands,Use,Pesticides (total),2015,tonnes of active ingredients,3.33
Pesticides Use,Costa Rica,Use,Pesticides (total),2010,tonnes of active ingredients,14241.84
Pesticides Use,Costa Rica,Use,Pesticides (total),2011,tonnes of active ingredients,12811.25
Pesticides Use,Costa Rica,Use,Pesticides (total),2012,tonnes of active ingredients,12811.25
Pesticides Use,Costa Rica,Use,Pesticides (total),2013,tonnes of active ingredients,12811.25
Pesticides Use,Costa Rica,Use,Pesticides (total),2014,tonnes of active ingredients,12811.25
Pesticides Use,Costa Rica,Use,Pesticides (total),2015,tonnes of active ingredients,12811.25
Pesticides Use,Côte d'Ivoire,Use,Pesticides (total),2010,tonnes of active ingredients,93.0
Pesticides Use,Côte d'Ivoire,Use,Pesticides (total),2011,tonnes of active ingredients,93.0
Pesticides Use,Côte d'Ivoire,Use,Pesticides (total),2012,tonnes of active ingredients,93.0
Pesticides Use,Côte d'Ivoire,Use,Pesticides (total),2013,tonnes of active ingredients,93.0
Pesticides Use,Côte d'Ivoire,Use,Pesticides (total),2014,tonnes of active ingredients,93.0
Pesticides Use,Côte d'Ivoire,Use,Pesticides (total),2015,tonnes of active ingredients,93.0
Pesticides Use,Croatia,Use,Pesticides (total),2010,tonnes of active ingredients,1540.0
Pesticides Use,Croatia,Use,Pesticides (total),2011,tonnes of active ingredients,1638.74
Pesticides Use,Croatia,Use,Pesticides (total),2012,tonnes of active ingredients,1737.47
Pesticides Use,Croatia,Use,Pesticides (total),2013,tonnes of active ingredients,1836.21
Pesticides Use,Croatia,Use,Pesticides (total),2014,tonnes of active ingredients,2059.47
Pesticides Use,Croatia,Use,Pesticides (total),2015,tonnes of active ingredients,1683.95
Pesticides Use,Cyprus,Use,Pesticides (total),2010,tonnes of active ingredients,620.0
Pesticides Use,Cyprus,Use,Pesticides (total),2011,tonnes of active ingredients,567.7
Pesticides Use,Cyprus,Use,Pesticides (total),2012,tonnes of active ingredients,727.01
Pesticides Use,Cyprus,Use,Pesticides (total),2013,tonnes of active ingredients,886.5
Pesticides Use,Cyprus,Use,Pesticides (total),2014,tonnes of active ingredients,1046.0
Pesticides Use,Cyprus,Use,Pesticides (total),2015,tonnes of active ingredients,830.6
Pesticides Use,Czechia,Use,Pesticides (total),2010,tonnes of active ingredients,4957.4
Pesticides Use,Czechia,Use,Pesticides (total),2011,tonnes of active ingredients,5306.06
Pesticides Use,Czechia,Use,Pesticides (total),2012,tonnes of active ingredients,5345.4
Pesticides Use,Czechia,Use,Pesticides (total),2013,tonnes of active ingredients,5146.98
Pesticides Use,Czechia,Use,Pesticides (total),2014,tonnes of active ingredients,4683.39
Pesticides Use,Czechia,Use,Pesticides (total),2015,tonnes of active ingredients,4472.88
Pesticides Use,Denmark,Use,Pesticides (total),2010,tonnes of active ingredients,3894.0
Pesticides Use,Denmark,Use,Pesticides (total),2011,tonnes of active ingredients,4249.48
Pesticides Use,Denmark,Use,Pesticides (total),2012,tonnes of active ingredients,5716.0
Pesticides Use,Denmark,Use,Pesticides (total),2013,tonnes of active ingredients,4118.0
Pesticides Use,Denmark,Use,Pesticides (total),2014,tonnes of active ingredients,1847.0
Pesticides Use,Denmark,Use,Pesticides (total),2015,tonnes of active ingredients,2593.0
Pesticides Use,Dominican Republic,Use,Pesticides (total),2010,tonnes of active ingredients,6316.61
Pesticides Use,Dominican Republic,Use,Pesticides (total),2011,tonnes of active ingredients,6316.61
Pesticides Use,Dominican Republic,Use,Pesticides (total),2012,tonnes of active ingredients,6316.61
Pesticides Use,Dominican Republic,Use,Pesticides (total),2013,tonnes of active ingredients,6316.61
Pesticides Use,Dominican Republic,Use,Pesticides (total),2014,tonnes of active ingredients,6316.61
Pesticides Use,Dominican Republic,Use,Pesticides (total),2015,tonnes of active ingredients,6316.61
Pesticides Use,Ecuador,Use,Pesticides (total),2010,tonnes of active ingredients,31637.12
Pesticides Use,Ecuador,Use,Pesticides (total),2011,tonnes of active ingredients,17529.44
Pesticides Use,Ecuador,Use,Pesticides (total),2012,tonnes of active ingredients,11469.74
Pesticides Use,Ecuador,Use,Pesticides (total),2013,tonnes of active ingredients,6471.77
Pesticides Use,Ecuador,Use,Pesticides (total),2014,tonnes of active ingredients,11040.47
Pesticides Use,Ecuador,Use,Pesticides (total),2015,tonnes of active ingredients,30545.0
Pesticides Use,Egypt,Use,Pesticides (total),2010,tonnes of active ingredients,11590.0
Pesticides Use,Egypt,Use,Pesticides (total),2011,tonnes of active ingredients,12945.0
Pesticides Use,Egypt,Use,Pesticides (total),2012,tonnes of active ingredients,13991.0
Pesticides Use,Egypt,Use,Pesticides (total),2013,tonnes of active ingredients,13653.0
Pesticides Use,Egypt,Use,Pesticides (total),2014,tonnes of active ingredients,11363.0
Pesticides Use,Egypt,Use,Pesticides (total),2015,tonnes of active ingredients,8043.71
Pesticides Use,El Salvador,Use,Pesticides (total),2010,tonnes of active ingredients,3598.59
Pesticides Use,El Salvador,Use,Pesticides (total),2011,tonnes of active ingredients,3231.13
Pesticides Use,El Salvador,Use,Pesticides (total),2012,tonnes of active ingredients,2595.16
Pesticides Use,El Salvador,Use,Pesticides (total),2013,tonnes of active ingredients,6005.08
Pesticides Use,El Salvador,Use,Pesticides (total),2014,tonnes of active ingredients,5638.23
Pesticides Use,El Salvador,Use,Pesticides (total),2015,tonnes of active ingredients,5638.23
Pesticides Use,Eritrea,Use,Pesticides (total),2010,tonnes of active ingredients,27.63
Pesticides Use,Eritrea,Use,Pesticides (total),2011,tonnes of active ingredients,27.63
Pesticides Use,Eritrea,Use,Pesticides (total),2012,tonnes of active ingredients,27.63
Pesticides Use,Eritrea,Use,Pesticides (total),2013,tonnes of active ingredients,27.63
Pesticides Use,Eritrea,Use,Pesticides (total),2014,tonnes of active ingredients,27.63
Pesticides Use,Eritrea,Use,Pesticides (total),2015,tonnes of active ingredients,27.63
Pesticides Use,Estonia,Use,Pesticides (total),2010,tonnes of active ingredients,514.0
Pesticides Use,Estonia,Use,Pesticides (total),2011,tonnes of active ingredients,460.0
Pesticides Use,Estonia,Use,Pesticides (total),2012,tonnes of active ingredients,553.0
Pesticides Use,Estonia,Use,Pesticides (total),2013,tonnes of active ingredients,567.0
Pesticides Use,Estonia,Use,Pesticides (total),2014,tonnes of active ingredients,597.0
Pesticides Use,Estonia,Use,Pesticides (total),2015,tonnes of active ingredients,594.0
Pesticides Use,Ethiopia,Use,Pesticides (total),2010,tonnes of active ingredients,4128.1
Pesticides Use,Ethiopia,Use,Pesticides (total),2011,tonnes of active ingredients,4128.1
Pesticides Use,Ethiopia,Use,Pesticides (total),2012,tonnes of active ingredients,4128.1
Pesticides Use,Ethiopia,Use,Pesticides (total),2013,tonnes of active ingredients,4128.1
Pesticides Use,Ethiopia,Use,Pesticides (total),2014,tonnes of active ingredients,4128.1
Pesticides Use,Ethiopia,Use,Pesticides (total),2015,tonnes of active ingredients,4128.1
Pesticides Use,Fiji,Use,Pesticides (total),2010,tonnes of active ingredients,1059.03
Pesticides Use,Fiji,Use,Pesticides (total),2011,tonnes of active ingredients,1103.1
Pesticides Use,Fiji,Use,Pesticides (total),2012,tonnes of active ingredients,1375.15
Pesticides Use,Fiji,Use,Pesticides (total),2013,tonnes of active ingredients,1265.34
Pesticides Use,Fiji,Use,Pesticides (total),2014,tonnes of active ingredients,1265.34
Pesticides Use,Fiji,Use,Pesticides (total),2015,tonnes of active ingredients,1265.34
Pesticides Use,Finland,Use,Pesticides (total),2010,tonnes of active ingredients,1746.71
Pesticides Use,Finland,Use,Pesticides (total),2011,tonnes of active ingredients,1707.54
Pesticides Use,Finland,Use,Pesticides (total),2012,tonnes of active ingredients,1545.25
Pesticides Use,Finland,Use,Pesticides (total),2013,tonnes of active ingredients,1475.39
Pesticides Use,Finland,Use,Pesticides (total),2014,tonnes of active ingredients,1616.7
Pesticides Use,Finland,Use,Pesticides (total),2015,tonnes of active ingredients,1725.2
Pesticides Use,France,Use,Pesticides (total),2010,tonnes of active ingredients,61903.0
Pesticides Use,France,Use,Pesticides (total),2011,tonnes of active ingredients,61039.0
Pesticides Use,France,Use,Pesticides (total),2012,tonnes of active ingredients,63547.59
Pesticides Use,France,Use,Pesticides (total),2013,tonnes of active ingredients,66497.29
Pesticides Use,France,Use,Pesticides (total),2014,tonnes of active ingredients,74909.6
Pesticides Use,France,Use,Pesticides (total),2015,tonnes of active ingredients,66531.02
Pesticides Use,French Polynesia,Use,Pesticides (total),2010,tonnes of active ingredients,27.73
Pesticides Use,French Polynesia,Use,Pesticides (total),2011,tonnes of active ingredients,43.21
Pesticides Use,French Polynesia,Use,Pesticides (total),2012,tonnes of active ingredients,29.1
Pesticides Use,French Polynesia,Use,Pesticides (total),2013,tonnes of active ingredients,25.7
Pesticides Use,French Polynesia,Use,Pesticides (total),2014,tonnes of active ingredients,37.03
Pesticides Use,French Polynesia,Use,Pesticides (total),2015,tonnes of active ingredients,31.68
Pesticides Use,Gambia,Use,Pesticides (total),2010,tonnes of active ingredients,588.0
Pesticides Use,Gambia,Use,Pesticides (total),2011,tonnes of active ingredients,588.0
Pesticides Use,Gambia,Use,Pesticides (total),2012,tonnes of active ingredients,588.0
Pesticides Use,Gambia,Use,Pesticides (total),2013,tonnes of active ingredients,588.0
Pesticides Use,Gambia,Use,Pesticides (total),2014,tonnes of active ingredients,588.0
Pesticides Use,Gambia,Use,Pesticides (total),2015,tonnes of active ingredients,588.0
Pesticides Use,Germany,Use,Pesticides (total),2010,tonnes of active ingredients,40832.42
Pesticides Use,Germany,Use,Pesticides (total),2011,tonnes of active ingredients,43754.35
Pesticides Use,Germany,Use,Pesticides (total),2012,tonnes of active ingredients,45522.5
Pesticides Use,Germany,Use,Pesticides (total),2013,tonnes of active ingredients,43756.1
Pesticides Use,Germany,Use,Pesticides (total),2014,tonnes of active ingredients,45836.29
Pesticides Use,Germany,Use,Pesticides (total),2015,tonnes of active ingredients,48131.97
Pesticides Use,Ghana,Use,Pesticides (total),2010,tonnes of active ingredients,378.97
Pesticides Use,Ghana,Use,Pesticides (total),2011,tonnes of active ingredients,378.97
Pesticides Use,Ghana,Use,Pesticides (total),2012,tonnes of active ingredients,378.97
Pesticides Use,Ghana,Use,Pesticides (total),2013,tonnes of active ingredients,378.97
Pesticides Use,Ghana,Use,Pesticides (total),2014,tonnes of active ingredients,378.97
Pesticides Use,Ghana,Use,Pesticides (total),2015,tonnes of active ingredients,378.97
Pesticides Use,Greece,Use,Pesticides (total),2010,tonnes of active ingredients,5607.7
Pesticides Use,Greece,Use,Pesticides (total),2011,tonnes of active ingredients,8189.8
Pesticides Use,Greece,Use,Pesticides (total),2012,tonnes of active ingredients,8002.2
Pesticides Use,Greece,Use,Pesticides (total),2013,tonnes of active ingredients,8081.72
Pesticides Use,Greece,Use,Pesticides (total),2014,tonnes of active ingredients,9504.14
Pesticides Use,Greece,Use,Pesticides (total),2015,tonnes of active ingredients,9018.87
Pesticides Use,Guatemala,Use,Pesticides (total),2010,tonnes of active ingredients,14898.25
Pesticides Use,Guatemala,Use,Pesticides (total),2011,tonnes of active ingredients,16540.71
Pesticides Use,Guatemala,Use,Pesticides (total),2012,tonnes of active ingredients,19726.3
Pesticides Use,Guatemala,Use,Pesticides (total),2013,tonnes of active ingredients,20489.4
Pesticides Use,Guatemala,Use,Pesticides (total),2014,tonnes of active ingredients,20489.4
Pesticides Use,Guatemala,Use,Pesticides (total),2015,tonnes of active ingredients,20489.4
Pesticides Use,Guinea,Use,Pesticides (total),2010,tonnes of active ingredients,556.24
Pesticides Use,Guinea,Use,Pesticides (total),2011,tonnes of active ingredients,663.23
Pesticides Use,Guinea,Use,Pesticides (total),2012,tonnes of active ingredients,770.21
Pesticides Use,Guinea,Use,Pesticides (total),2013,tonnes of active ingredients,877.19
Pesticides Use,Guinea,Use,Pesticides (total),2014,tonnes of active ingredients,400.65
Pesticides Use,Guinea,Use,Pesticides (total),2015,tonnes of active ingredients,400.65
Pesticides Use,Guinea-Bissau,Use,Pesticides (total),2010,tonnes of active ingredients,82.0
Pesticides Use,Guinea-Bissau,Use,Pesticides (total),2011,tonnes of active ingredients,82.0
Pesticides Use,Guinea-Bissau,Use,Pesticides (total),2012,tonnes of active ingredients,82.0
Pesticides Use,Guinea-Bissau,Use,Pesticides (total),2013,tonnes of active ingredients,82.0
Pesticides Use,Guinea-Bissau,Use,Pesticides (total),2014,tonnes of active ingredients,82.0
Pesticides Use,Guinea-Bissau,Use,Pesticides (total),2015,tonnes of active ingredients,82.0
Pesticides Use,Guyana,Use,Pesticides (total),2010,tonnes of active ingredients,211.83
Pesticides Use,Guyana,Use,Pesticides (total),2011,tonnes of active ingredients,400.76
Pesticides Use,Guyana,Use,Pesticides (total),2012,tonnes of active ingredients,427.73
Pesticides Use,Guyana,Use,Pesticides (total),2013,tonnes of active ingredients,358.72
Pesticides Use,Guyana,Use,Pesticides (total),2014,tonnes of active ingredients,358.72
Pesticides Use,Guyana,Use,Pesticides (total),2015,tonnes of active ingredients,358.72
Pesticides Use,Haiti,Use,Pesticides (total),2010,tonnes of active ingredients,27.85
Pesticides Use,Haiti,Use,Pesticides (total),2011,tonnes of active ingredients,27.85
Pesticides Use,Haiti,Use,Pesticides (total),2012,tonnes of active ingredients,27.85
Pesticides Use,Haiti,Use,Pesticides (total),2013,tonnes of active ingredients,27.85
Pesticides Use,Haiti,Use,Pesticides (total),2014,tonnes of active ingredients,27.85
Pesticides Use,Haiti,Use,Pesticides (total),2015,tonnes of active ingredients,27.85
Pesticides Use,Honduras,Use,Pesticides (total),2010,tonnes of active ingredients,5736.63
Pesticides Use,Honduras,Use,Pesticides (total),2011,tonnes of active ingredients,6324.41
Pesticides Use,Honduras,Use,Pesticides (total),2012,tonnes of active ingredients,7194.91
Pesticides Use,Honduras,Use,Pesticides (total),2013,tonnes of active ingredients,7194.91
Pesticides Use,Honduras,Use,Pesticides (total),2014,tonnes of active ingredients,7194.91
Pesticides Use,Honduras,Use,Pesticides (total),2015,tonnes of active ingredients,7194.91
Pesticides Use,Hungary,Use,Pesticides (total),2010,tonnes of active ingredients,10299.5
Pesticides Use,Hungary,Use,Pesticides (total),2011,tonnes of active ingredients,8473.26
Pesticides Use,Hungary,Use,Pesticides (total),2012,tonnes of active ingredients,8141.17
Pesticides Use,Hungary,Use,Pesticides (total),2013,tonnes of active ingredients,7744.5
Pesticides Use,Hungary,Use,Pesticides (total),2014,tonnes of active ingredients,8970.9
Pesticides Use,Hungary,Use,Pesticides (total),2015,tonnes of active ingredients,9483.8
Pesticides Use,Iceland,Use,Pesticides (total),2010,tonnes of active ingredients,2.73
Pesticides Use,Iceland,Use,Pesticides (total),2011,tonnes of active ingredients,3.43
Pesticides Use,Iceland,Use,Pesticides (total),2012,tonnes of active ingredients,3.14
Pesticides Use,Iceland,Use,Pesticides (total),2013,tonnes of active ingredients,2.41
Pesticides Use,Iceland,Use,Pesticides (total),2014,tonnes of active ingredients,3.88
Pesticides Use,Iceland,Use,Pesticides (total),2015,tonnes of active ingredients,4.08
Pesticides Use,India,Use,Pesticides (total),2010,tonnes of active ingredients,40093.69
Pesticides Use,India,Use,Pesticides (total),2011,tonnes of active ingredients,55540.0
Pesticides Use,India,Use,Pesticides (total),2012,tonnes of active ingredients,52980.0
Pesticides Use,India,Use,Pesticides (total),2013,tonnes of active ingredients,45620.0
Pesticides Use,India,Use,Pesticides (total),2014,tonnes of active ingredients,60280.0
Pesticides Use,India,Use,Pesticides (total),2015,tonnes of active ingredients,56120.0
Pesticides Use,Indonesia,Use,Pesticides (total),2010,tonnes of active ingredients,1597.0
Pesticides Use,Indonesia,Use,Pesticides (total),2011,tonnes of active ingredients,1597.0
Pesticides Use,Indonesia,Use,Pesticides (total),2012,tonnes of active ingredients,1597.0
Pesticides Use,Indonesia,Use,Pesticides (total),2013,tonnes of active ingredients,1597.0
Pesticides Use,Indonesia,Use,Pesticides (total),2014,tonnes of active ingredients,1597.0
Pesticides Use,Indonesia,Use,Pesticides (total),2015,tonnes of active ingredients,1597.0
Pesticides Use,Iran (Islamic Republic of),Use,Pesticides (total),2010,tonnes of active ingredients,1636.24
Pesticides Use,Iran (Islamic Republic of),Use,Pesticides (total),2011,tonnes of active ingredients,2009.19
Pesticides Use,Iran (Islamic Republic of),Use,Pesticides (total),2012,tonnes of active ingredients,3345.49
Pesticides Use,Iran (Islamic Republic of),Use,Pesticides (total),2013,tonnes of active ingredients,3025.55
Pesticides Use,Iran (Islamic Republic of),Use,Pesticides (total),2014,tonnes of active ingredients,2910.81
Pesticides Use,Iran (Islamic Republic of),Use,Pesticides (total),2015,tonnes of active ingredients,2796.06
Pesticides Use,Iraq,Use,Pesticides (total),2010,tonnes of active ingredients,1612.61
Pesticides Use,Iraq,Use,Pesticides (total),2011,tonnes of active ingredients,1795.94
Pesticides Use,Iraq,Use,Pesticides (total),2012,tonnes of active ingredients,1979.27
Pesticides Use,Iraq,Use,Pesticides (total),2013,tonnes of active ingredients,2162.6
Pesticides Use,Iraq,Use,Pesticides (total),2014,tonnes of active ingredients,2162.6
Pesticides Use,Iraq,Use,Pesticides (total),2015,tonnes of active ingredients,2162.6
Pesticides Use,Ireland,Use,Pesticides (total),2010,tonnes of active ingredients,2529.2
Pesticides Use,Ireland,Use,Pesticides (total),2011,tonnes of active ingredients,3664.3
Pesticides Use,Ireland,Use,Pesticides (total),2012,tonnes of active ingredients,2925.1
Pesticides Use,Ireland,Use,Pesticides (total),2013,tonnes of active ingredients,2950.8
Pesticides Use,Ireland,Use,Pesticides (total),2014,tonnes of active ingredients,3006.22
Pesticides Use,Ireland,Use,Pesticides (total),2015,tonnes of active ingredients,3124.2
Pesticides Use,Israel,Use,Pesticides (total),2010,tonnes of active ingredients,6833.0
Pesticides Use,Israel,Use,Pesticides (total),2011,tonnes of active ingredients,6183.96
Pesticides Use,Israel,Use,Pesticides (total),2012,tonnes of active ingredients,6059.5
Pesticides Use,Israel,Use,Pesticides (total),2013,tonnes of active ingredients,6054.9
Pesticides Use,Israel,Use,Pesticides (total),2014,tonnes of active ingredients,6054.9
Pesticides Use,Israel,Use,Pesticides (total),2015,tonnes of active ingredients,6054.9
Pesticides Use,Italy,Use,Pesticides (total),2010,tonnes of active ingredients,71613.0
Pesticides Use,Italy,Use,Pesticides (total),2011,tonnes of active ingredients,70690.0
Pesticides Use,Italy,Use,Pesticides (total),2012,tonnes of active ingredients,61889.0
Pesticides Use,Italy,Use,Pesticides (total),2013,tonnes of active ingredients,55633.0
Pesticides Use,Italy,Use,Pesticides (total),2014,tonnes of active ingredients,59422.0
Pesticides Use,Italy,Use,Pesticides (total),2015,tonnes of active ingredients,63322.0
Pesticides Use,Jamaica,Use,Pesticides (total),2010,tonnes of active ingredients,909.71
Pesticides Use,Jamaica,Use,Pesticides (total),2011,tonnes of active ingredients,909.71
Pesticides Use,Jamaica,Use,Pesticides (total),2012,tonnes of active ingredients,909.71
Pesticides Use,Jamaica,Use,Pesticides (total),2013,tonnes of active ingredients,909.71
Pesticides Use,Jamaica,Use,Pesticides (total),2014,tonnes of active ingredients,909.71
Pesticides Use,Jamaica,Use,Pesticides (total),2015,tonnes of active ingredients,909.71
Pesticides Use,Japan,Use,Pesticides (total),2010,tonnes of active ingredients,55576.0
Pesticides Use,Japan,Use,Pesticides (total),2011,tonnes of active ingredients,51796.3
Pesticides Use,Japan,Use,Pesticides (total),2012,tonnes of active ingredients,54716.4
Pesticides Use,Japan,Use,Pesticides (total),2013,tonnes of active ingredients,52794.3
Pesticides Use,Japan,Use,Pesticides (total),2014,tonnes of active ingredients,53543.7
Pesticides Use,Japan,Use,Pesticides (total),2015,tonnes of active ingredients,54171.16
Pesticides Use,Jordan,Use,Pesticides (total),2010,tonnes of active ingredients,440.3
Pesticides Use,Jordan,Use,Pesticides (total),2011,tonnes of active ingredients,547.82
Pesticides Use,Jordan,Use,Pesticides (total),2012,tonnes of active ingredients,708.0
Pesticides Use,Jordan,Use,Pesticides (total),2013,tonnes of active ingredients,1010.0
Pesticides Use,Jordan,Use,Pesticides (total),2014,tonnes of active ingredients,719.0
Pesticides Use,Jordan,Use,Pesticides (total),2015,tonnes of active ingredients,666.0
Pesticides Use,Kazakhstan,Use,Pesticides (total),2010,tonnes of active ingredients,6283.85
Pesticides Use,Kazakhstan,Use,Pesticides (total),2011,tonnes of active ingredients,10656.6
Pesticides Use,Kazakhstan,Use,Pesticides (total),2012,tonnes of active ingredients,8674.58
Pesticides Use,Kazakhstan,Use,Pesticides (total),2013,tonnes of active ingredients,8738.38
Pesticides Use,Kazakhstan,Use,Pesticides (total),2014,tonnes of active ingredients,11158.77
Pesticides Use,Kazakhstan,Use,Pesticides (total),2015,tonnes of active ingredients,10581.7
Pesticides Use,Kenya,Use,Pesticides (total),2010,tonnes of active ingredients,1578.0
Pesticides Use,Kenya,Use,Pesticides (total),2011,tonnes of active ingredients,1578.0
Pesticides Use,Kenya,Use,Pesticides (total),2012,tonnes of active ingredients,1578.0
Pesticides Use,Kenya,Use,Pesticides (total),2013,tonnes of active ingredients,1578.0
Pesticides Use,Kenya,Use,Pesticides (total),2014,tonnes of active ingredients,1578.0
Pesticides Use,Kenya,Use,Pesticides (total),2015,tonnes of active ingredients,1578.0
Pesticides Use,Kuwait,Use,Pesticides (total),2010,tonnes of active ingredients,32.0
Pesticides Use,Kuwait,Use,Pesticides (total),2011,tonnes of active ingredients,32.0
Pesticides Use,Kuwait,Use,Pesticides (total),2012,tonnes of active ingredients,32.0
Pesticides Use,Kuwait,Use,Pesticides (total),2013,tonnes of active ingredients,32.0
Pesticides Use,Kuwait,Use,Pesticides (total),2014,tonnes of active ingredients,32.0
Pesticides Use,Kuwait,Use,Pesticides (total),2015,tonnes of active ingredients,32.0
Pesticides Use,Kyrgyzstan,Use,Pesticides (total),2010,tonnes of active ingredients,350.1
Pesticides Use,Kyrgyzstan,Use,Pesticides (total),2011,tonnes of active ingredients,312.9
Pesticides Use,Kyrgyzstan,Use,Pesticides (total),2012,tonnes of active ingredients,365.1
Pesticides Use,Kyrgyzstan,Use,Pesticides (total),2013,tonnes of active ingredients,341.1
Pesticides Use,Kyrgyzstan,Use,Pesticides (total),2014,tonnes of active ingredients,402.6
Pesticides Use,Kyrgyzstan,Use,Pesticides (total),2015,tonnes of active ingredients,516.0
Pesticides Use,Lao People's Democratic Republic,Use,Pesticides (total),2010,tonnes of active ingredients,1.83
Pesticides Use,Lao People's Democratic Republic,Use,Pesticides (total),2011,tonnes of active ingredients,43.8
Pesticides Use,Lao People's Democratic Republic,Use,Pesticides (total),2012,tonnes of active ingredients,43.53
Pesticides Use,Lao People's Democratic Republic,Use,Pesticides (total),2013,tonnes of active ingredients,125.89
Pesticides Use,Lao People's Democratic Republic,Use,Pesticides (total),2014,tonnes of active ingredients,3.0
Pesticides Use,Lao People's Democratic Republic,Use,Pesticides (total),2015,tonnes of active ingredients,3.0
Pesticides Use,Latvia,Use,Pesticides (total),2010,tonnes of active ingredients,1027.5
Pesticides Use,Latvia,Use,Pesticides (total),2011,tonnes of active ingredients,1070.5
Pesticides Use,Latvia,Use,Pesticides (total),2012,tonnes of active ingredients,1396.96
Pesticides Use,Latvia,Use,Pesticides (total),2013,tonnes of active ingredients,1250.0
Pesticides Use,Latvia,Use,Pesticides (total),2014,tonnes of active ingredients,1417.3
Pesticides Use,Latvia,Use,Pesticides (total),2015,tonnes of active ingredients,1512.0
Pesticides Use,Lebanon,Use,Pesticides (total),2010,tonnes of active ingredients,1816.0
Pesticides Use,Lebanon,Use,Pesticides (total),2011,tonnes of active ingredients,1816.0
Pesticides Use,Lebanon,Use,Pesticides (total),2012,tonnes of active ingredients,1816.0
Pesticides Use,Lebanon,Use,Pesticides (total),2013,tonnes of active ingredients,1816.0
Pesticides Use,Lebanon,Use,Pesticides (total),2014,tonnes of active ingredients,1816.0
Pesticides Use,Lebanon,Use,Pesticides (total),2015,tonnes of active ingredients,1816.0
Pesticides Use,Lesotho,Use,Pesticides (total),2010,tonnes of active ingredients,80.07
Pesticides Use,Lesotho,Use,Pesticides (total),2011,tonnes of active ingredients,175.27
Pesticides Use,Lesotho,Use,Pesticides (total),2012,tonnes of active ingredients,271.84
Pesticides Use,Lesotho,Use,Pesticides (total),2013,tonnes of active ingredients,62.32
Pesticides Use,Lesotho,Use,Pesticides (total),2014,tonnes of active ingredients,62.32
Pesticides Use,Lesotho,Use,Pesticides (total),2015,tonnes of active ingredients,62.32
Pesticides Use,Libya,Use,Pesticides (total),2010,tonnes of active ingredients,3548.0
Pesticides Use,Libya,Use,Pesticides (total),2011,tonnes of active ingredients,3548.0
Pesticides Use,Libya,Use,Pesticides (total),2012,tonnes of active ingredients,3548.0
Pesticides Use,Libya,Use,Pesticides (total),2013,tonnes of active ingredients,3548.0
Pesticides Use,Libya,Use,Pesticides (total),2014,tonnes of active ingredients,3548.0
Pesticides Use,Libya,Use,Pesticides (total),2015,tonnes of active ingredients,3548.0
Pesticides Use,Lithuania,Use,Pesticides (total),2010,tonnes of active ingredients,1803.77
Pesticides Use,Lithuania,Use,Pesticides (total),2011,tonnes of active ingredients,2062.34
Pesticides Use,Lithuania,Use,Pesticides (total),2012,tonnes of active ingredients,2559.9
Pesticides Use,Lithuania,Use,Pesticides (total),2013,tonnes of active ingredients,2515.69
Pesticides Use,Lithuania,Use,Pesticides (total),2014,tonnes of active ingredients,2545.5
Pesticides Use,Lithuania,Use,Pesticides (total),2015,tonnes of active ingredients,2740.2
Pesticides Use,Luxembourg,Use,Pesticides (total),2010,tonnes of active ingredients,154.27
Pesticides Use,Luxembourg,Use,Pesticides (total),2011,tonnes of active ingredients,154.27
Pesticides Use,Luxembourg,Use,Pesticides (total),2012,tonnes of active ingredients,154.27
Pesticides Use,Luxembourg,Use,Pesticides (total),2013,tonnes of active ingredients,155.2
Pesticides Use,Luxembourg,Use,Pesticides (total),2014,tonnes of active ingredients,131.34
Pesticides Use,Luxembourg,Use,Pesticides (total),2015,tonnes of active ingredients,130.32
Pesticides Use,Madagascar,Use,Pesticides (total),2010,tonnes of active ingredients,241.89
Pesticides Use,Madagascar,Use,Pesticides (total),2011,tonnes of active ingredients,310.36
Pesticides Use,Madagascar,Use,Pesticides (total),2012,tonnes of active ingredients,377.71
Pesticides Use,Madagascar,Use,Pesticides (total),2013,tonnes of active ingredients,507.94
Pesticides Use,Madagascar,Use,Pesticides (total),2014,tonnes of active ingredients,453.91
Pesticides Use,Madagascar,Use,Pesticides (total),2015,tonnes of active ingredients,401.39
Pesticides Use,Malawi,Use,Pesticides (total),2010,tonnes of active ingredients,584.12
Pesticides Use,Malawi,Use,Pesticides (total),2011,tonnes of active ingredients,553.57
Pesticides Use,Malawi,Use,Pesticides (total),2012,tonnes of active ingredients,775.83
Pesticides Use,Malawi,Use,Pesticides (total),2013,tonnes of active ingredients,1500.27
Pesticides Use,Malawi,Use,Pesticides (total),2014,tonnes of active ingredients,2358.01
Pesticides Use,Malawi,Use,Pesticides (total),2015,tonnes of active ingredients,2358.01
Pesticides Use,Malaysia,Use,Pesticides (total),2010,tonnes of active ingredients,60194.83
Pesticides Use,Malaysia,Use,Pesticides (total),2011,tonnes of active ingredients,41562.16
Pesticides Use,Malaysia,Use,Pesticides (total),2012,tonnes of active ingredients,49810.48
Pesticides Use,Malaysia,Use,Pesticides (total),2013,tonnes of active ingredients,61445.6
Pesticides Use,Malaysia,Use,Pesticides (total),2014,tonnes of active ingredients,49199.43
Pesticides Use,Malaysia,Use,Pesticides (total),2015,tonnes of active ingredients,49199.43
Pesticides Use,Maldives,Use,Pesticides (total),2010,tonnes of active ingredients,44.33
Pesticides Use,Maldives,Use,Pesticides (total),2011,tonnes of active ingredients,44.33
Pesticides Use,Maldives,Use,Pesticides (total),2012,tonnes of active ingredients,66.17
Pesticides Use,Maldives,Use,Pesticides (total),2013,tonnes of active ingredients,236.16
Pesticides Use,Maldives,Use,Pesticides (total),2014,tonnes of active ingredients,363.26
Pesticides Use,Maldives,Use,Pesticides (total),2015,tonnes of active ingredients,363.26
Pesticides Use,Mali,Use,Pesticides (total),2010,tonnes of active ingredients,3.84
Pesticides Use,Mali,Use,Pesticides (total),2011,tonnes of active ingredients,3.25
Pesticides Use,Mali,Use,Pesticides (total),2012,tonnes of active ingredients,1.52
Pesticides Use,Mali,Use,Pesticides (total),2013,tonnes of active ingredients,1.52
Pesticides Use,Mali,Use,Pesticides (total),2014,tonnes of active ingredients,1.52
Pesticides Use,Mali,Use,Pesticides (total),2015,tonnes of active ingredients,1.52
Pesticides Use,Malta,Use,Pesticides (total),2010,tonnes of active ingredients,122.51
Pesticides Use,Malta,Use,Pesticides (total),2011,tonnes of active ingredients,123.14
Pesticides Use,Malta,Use,Pesticides (total),2012,tonnes of active ingredients,123.76
Pesticides Use,Malta,Use,Pesticides (total),2013,tonnes of active ingredients,124.38
Pesticides Use,Malta,Use,Pesticides (total),2014,tonnes of active ingredients,125.0
Pesticides Use,Malta,Use,Pesticides (total),2015,tonnes of active ingredients,125.0
Pesticides Use,Mauritania,Use,Pesticides (total),2010,tonnes of active ingredients,67.59
Pesticides Use,Mauritania,Use,Pesticides (total),2011,tonnes of active ingredients,13.35
Pesticides Use,Mauritania,Use,Pesticides (total),2012,tonnes of active ingredients,26.41
Pesticides Use,Mauritania,Use,Pesticides (total),2013,tonnes of active ingredients,26.41
Pesticides Use,Mauritania,Use,Pesticides (total),2014,tonnes of active ingredients,26.41
Pesticides Use,Mauritania,Use,Pesticides (total),2015,tonnes of active ingredients,26.41
Pesticides Use,Mauritius,Use,Pesticides (total),2010,tonnes of active ingredients,731.46
Pesticides Use,Mauritius,Use,Pesticides (total),2011,tonnes of active ingredients,685.98
Pesticides Use,Mauritius,Use,Pesticides (total),2012,tonnes of active ingredients,636.91
Pesticides Use,Mauritius,Use,Pesticides (total),2013,tonnes of active ingredients,671.77
Pesticides Use,Mauritius,Use,Pesticides (total),2014,tonnes of active ingredients,665.37
Pesticides Use,Mauritius,Use,Pesticides (total),2015,tonnes of active ingredients,628.52
Pesticides Use,Mexico,Use,Pesticides (total),2010,tonnes of active ingredients,63402.29
Pesticides Use,Mexico,Use,Pesticides (total),2011,tonnes of active ingredients,65961.1
Pesticides Use,Mexico,Use,Pesticides (total),2012,tonnes of active ingredients,64512.22
Pesticides Use,Mexico,Use,Pesticides (total),2013,tonnes of active ingredients,59920.18
Pesticides Use,Mexico,Use,Pesticides (total),2014,tonnes of active ingredients,53196.66
Pesticides Use,Mexico,Use,Pesticides (total),2015,tonnes of active ingredients,56518.2
Pesticides Use,Montenegro,Use,Pesticides (total),2010,tonnes of active ingredients,66.0
Pesticides Use,Montenegro,Use,Pesticides (total),2011,tonnes of active ingredients,75.0
Pesticides Use,Montenegro,Use,Pesticides (total),2012,tonnes of active ingredients,71.0
Pesticides Use,Montenegro,Use,Pesticides (total),2013,tonnes of active ingredients,82.0
Pesticides Use,Montenegro,Use,Pesticides (total),2014,tonnes of active ingredients,90.0
Pesticides Use,Montenegro,Use,Pesticides (total),2015,tonnes of active ingredients,76.0
Pesticides Use,Morocco,Use,Pesticides (total),2010,tonnes of active ingredients,13697.0
Pesticides Use,Morocco,Use,Pesticides (total),2011,tonnes of active ingredients,13697.0
Pesticides Use,Morocco,Use,Pesticides (total),2012,tonnes of active ingredients,13697.0
Pesticides Use,Morocco,Use,Pesticides (total),2013,tonnes of active ingredients,13697.0
Pesticides Use,Morocco,Use,Pesticides (total),2014,tonnes of active ingredients,13697.0
Pesticides Use,Morocco,Use,Pesticides (total),2015,tonnes of active ingredients,13697.0
Pesticides Use,Mozambique,Use,Pesticides (total),2010,tonnes of active ingredients,1187.1
Pesticides Use,Mozambique,Use,Pesticides (total),2011,tonnes of active ingredients,766.93
Pesticides Use,Mozambique,Use,Pesticides (total),2012,tonnes of active ingredients,766.93
Pesticides Use,Mozambique,Use,Pesticides (total),2013,tonnes of active ingredients,766.93
Pesticides Use,Mozambique,Use,Pesticides (total),2014,tonnes of active ingredients,766.93
Pesticides Use,Mozambique,Use,Pesticides (total),2015,tonnes of active ingredients,766.93
Pesticides Use,Myanmar,Use,Pesticides (total),2010,tonnes of active ingredients,3340.09
Pesticides Use,Myanmar,Use,Pesticides (total),2011,tonnes of active ingredients,4642.42
Pesticides Use,Myanmar,Use,Pesticides (total),2012,tonnes of active ingredients,3044.78
Pesticides Use,Myanmar,Use,Pesticides (total),2013,tonnes of active ingredients,2898.2
Pesticides Use,Myanmar,Use,Pesticides (total),2014,tonnes of active ingredients,5417.8
Pesticides Use,Myanmar,Use,Pesticides (total),2015,tonnes of active ingredients,7690.63
Pesticides Use,Namibia,Use,Pesticides (total),2010,tonnes of active ingredients,56.0
Pesticides Use,Namibia,Use,Pesticides (total),2011,tonnes of active ingredients,56.0
Pesticides Use,Namibia,Use,Pesticides (total),2012,tonnes of active ingredients,56.0
Pesticides Use,Namibia,Use,Pesticides (total),2013,tonnes of active ingredients,56.0
Pesticides Use,Namibia,Use,Pesticides (total),2014,tonnes of active ingredients,56.0
Pesticides Use,Namibia,Use,Pesticides (total),2015,tonnes of active ingredients,56.0
Pesticides Use,Nepal,Use,Pesticides (total),2010,tonnes of active ingredients,332.01
Pesticides Use,Nepal,Use,Pesticides (total),2011,tonnes of active ingredients,342.92
Pesticides Use,Nepal,Use,Pesticides (total),2012,tonnes of active ingredients,410.32
Pesticides Use,Nepal,Use,Pesticides (total),2013,tonnes of active ingredients,454.53
Pesticides Use,Nepal,Use,Pesticides (total),2014,tonnes of active ingredients,549.17
Pesticides Use,Nepal,Use,Pesticides (total),2015,tonnes of active ingredients,573.97
Pesticides Use,Netherlands,Use,Pesticides (total),2010,tonnes of active ingredients,9586.03
Pesticides Use,Netherlands,Use,Pesticides (total),2011,tonnes of active ingredients,10953.91
Pesticides Use,Netherlands,Use,Pesticides (total),2012,tonnes of active ingredients,11348.39
Pesticides Use,Netherlands,Use,Pesticides (total),2013,tonnes of active ingredients,10720.17
Pesticides Use,Netherlands,Use,Pesticides (total),2014,tonnes of active ingredients,10665.55
Pesticides Use,Netherlands,Use,Pesticides (total),2015,tonnes of active ingredients,9999.3
Pesticides Use,New Caledonia,Use,Pesticides (total),2010,tonnes of active ingredients,32.6
Pesticides Use,New Caledonia,Use,Pesticides (total),2011,tonnes of active ingredients,26.2
Pesticides Use,New Caledonia,Use,Pesticides (total),2012,tonnes of active ingredients,26.4
Pesticides Use,New Caledonia,Use,Pesticides (total),2013,tonnes of active ingredients,21.79
Pesticides Use,New Caledonia,Use,Pesticides (total),2014,tonnes of active ingredients,8.85
Pesticides Use,New Caledonia,Use,Pesticides (total),2015,tonnes of active ingredients,14.94
Pesticides Use,New Zealand,Use,Pesticides (total),2010,tonnes of active ingredients,5086.0
Pesticides Use,New Zealand,Use,Pesticides (total),2011,tonnes of active ingredients,5086.0
Pesticides Use,New Zealand,Use,Pesticides (total),2012,tonnes of active ingredients,5086.0
Pesticides Use,New Zealand,Use,Pesticides (total),2013,tonnes of active ingredients,5086.0
Pesticides Use,New Zealand,Use,Pesticides (total),2014,tonnes of active ingredients,5086.0
Pesticides Use,New Zealand,Use,Pesticides (total),2015,tonnes of active ingredients,5086.0
Pesticides Use,Nicaragua,Use,Pesticides (total),2010,tonnes of active ingredients,12242.19
Pesticides Use,Nicaragua,Use,Pesticides (total),2011,tonnes of active ingredients,4932.05
Pesticides Use,Nicaragua,Use,Pesticides (total),2012,tonnes of active ingredients,4413.82
Pesticides Use,Nicaragua,Use,Pesticides (total),2013,tonnes of active ingredients,4413.82
Pesticides Use,Nicaragua,Use,Pesticides (total),2014,tonnes of active ingredients,4413.82
Pesticides Use,Nicaragua,Use,Pesticides (total),2015,tonnes of active ingredients,4413.82
Pesticides Use,Niger,Use,Pesticides (total),2010,tonnes of active ingredients,11.49
Pesticides Use,Niger,Use,Pesticides (total),2011,tonnes of active ingredients,10.59
Pesticides Use,Niger,Use,Pesticides (total),2012,tonnes of active ingredients,21.37
Pesticides Use,Niger,Use,Pesticides (total),2013,tonnes of active ingredients,21.37
Pesticides Use,Niger,Use,Pesticides (total),2014,tonnes of active ingredients,21.37
Pesticides Use,Niger,Use,Pesticides (total),2015,tonnes of active ingredients,21.37
Pesticides Use,Norway,Use,Pesticides (total),2010,tonnes of active ingredients,698.98
Pesticides Use,Norway,Use,Pesticides (total),2011,tonnes of active ingredients,823.96
Pesticides Use,Norway,Use,Pesticides (total),2012,tonnes of active ingredients,813.93
Pesticides Use,Norway,Use,Pesticides (total),2013,tonnes of active ingredients,761.97
Pesticides Use,Norway,Use,Pesticides (total),2014,tonnes of active ingredients,861.21
Pesticides Use,Norway,Use,Pesticides (total),2015,tonnes of active ingredients,631.03
Pesticides Use,Occupied Palestinian Territory,Use,Pesticides (total),2010,tonnes of active ingredients,1645.42
Pesticides Use,Occupied Palestinian Territory,Use,Pesticides (total),2011,tonnes of active ingredients,1645.42
Pesticides Use,Occupied Palestinian Territory,Use,Pesticides (total),2012,tonnes of active ingredients,1645.42
Pesticides Use,Occupied Palestinian Territory,Use,Pesticides (total),2013,tonnes of active ingredients,1645.42
Pesticides Use,Occupied Palestinian Territory,Use,Pesticides (total),2014,tonnes of active ingredients,1645.42
Pesticides Use,Occupied Palestinian Territory,Use,Pesticides (total),2015,tonnes of active ingredients,1645.42
Pesticides Use,Oman,Use,Pesticides (total),2010,tonnes of active ingredients,170.05
Pesticides Use,Oman,Use,Pesticides (total),2011,tonnes of active ingredients,202.53
Pesticides Use,Oman,Use,Pesticides (total),2012,tonnes of active ingredients,240.83
Pesticides Use,Oman,Use,Pesticides (total),2013,tonnes of active ingredients,295.0
Pesticides Use,Oman,Use,Pesticides (total),2014,tonnes of active ingredients,300.93
Pesticides Use,Oman,Use,Pesticides (total),2015,tonnes of active ingredients,252.07
Pesticides Use,Pakistan,Use,Pesticides (total),2010,tonnes of active ingredients,2968.44
Pesticides Use,Pakistan,Use,Pesticides (total),2011,tonnes of active ingredients,1979.27
Pesticides Use,Pakistan,Use,Pesticides (total),2012,tonnes of active ingredients,990.09
Pesticides Use,Pakistan,Use,Pesticides (total),2013,tonnes of active ingredients,0.92
Pesticides Use,Pakistan,Use,Pesticides (total),2014,tonnes of active ingredients,0.92
Pesticides Use,Pakistan,Use,Pesticides (total),2015,tonnes of active ingredients,0.92
Pesticides Use,Panama,Use,Pesticides (total),2010,tonnes of active ingredients,1948.48
Pesticides Use,Panama,Use,Pesticides (total),2011,tonnes of active ingredients,1852.32
Pesticides Use,Panama,Use,Pesticides (total),2012,tonnes of active ingredients,1371.35
Pesticides Use,Panama,Use,Pesticides (total),2013,tonnes of active ingredients,2477.29
Pesticides Use,Panama,Use,Pesticides (total),2014,tonnes of active ingredients,2477.29
Pesticides Use,Panama,Use,Pesticides (total),2015,tonnes of active ingredients,2477.29
Pesticides Use,Papua New Guinea,Use,Pesticides (total),2010,tonnes of active ingredients,105.0
Pesticides Use,Papua New Guinea,Use,Pesticides (total),2011,tonnes of active ingredients,105.0
Pesticides Use,Papua New Guinea,Use,Pesticides (total),2012,tonnes of active ingredients,105.0
Pesticides Use,Papua New Guinea,Use,Pesticides (total),2013,tonnes of active ingredients,105.0
Pesticides Use,Papua New Guinea,Use,Pesticides (total),2014,tonnes of active ingredients,105.0
Pesticides Use,Papua New Guinea,Use,Pesticides (total),2015,tonnes of active ingredients,105.0
Pesticides Use,Paraguay,Use,Pesticides (total),2010,tonnes of active ingredients,32415.85
Pesticides Use,Paraguay,Use,Pesticides (total),2011,tonnes of active ingredients,34841.73
Pesticides Use,Paraguay,Use,Pesticides (total),2012,tonnes of active ingredients,37267.6
Pesticides Use,Paraguay,Use,Pesticides (total),2013,tonnes of active ingredients,27228.5
Pesticides Use,Paraguay,Use,Pesticides (total),2014,tonnes of active ingredients,27228.5
Pesticides Use,Paraguay,Use,Pesticides (total),2015,tonnes of active ingredients,27228.5
Pesticides Use,Peru,Use,Pesticides (total),2010,tonnes of active ingredients,15590.54
Pesticides Use,Peru,Use,Pesticides (total),2011,tonnes of active ingredients,15436.91
Pesticides Use,Peru,Use,Pesticides (total),2012,tonnes of active ingredients,18885.82
Pesticides Use,Peru,Use,Pesticides (total),2013,tonnes of active ingredients,17942.97
Pesticides Use,Peru,Use,Pesticides (total),2014,tonnes of active ingredients,20832.4
Pesticides Use,Peru,Use,Pesticides (total),2015,tonnes of active ingredients,22874.83
Pesticides Use,Poland,Use,Pesticides (total),2010,tonnes of active ingredients,19449.02
Pesticides Use,Poland,Use,Pesticides (total),2011,tonnes of active ingredients,21779.27
Pesticides Use,Poland,Use,Pesticides (total),2012,tonnes of active ingredients,21885.99
Pesticides Use,Poland,Use,Pesticides (total),2013,tonnes of active ingredients,22204.46
Pesticides Use,Poland,Use,Pesticides (total),2014,tonnes of active ingredients,23556.67
Pesticides Use,Poland,Use,Pesticides (total),2015,tonnes of active ingredients,24006.12
Pesticides Use,Portugal,Use,Pesticides (total),2010,tonnes of active ingredients,13774.18
Pesticides Use,Portugal,Use,Pesticides (total),2011,tonnes of active ingredients,14024.98
Pesticides Use,Portugal,Use,Pesticides (total),2012,tonnes of active ingredients,12444.24
Pesticides Use,Portugal,Use,Pesticides (total),2013,tonnes of active ingredients,10126.8
Pesticides Use,Portugal,Use,Pesticides (total),2014,tonnes of active ingredients,12892.3
Pesticides Use,Portugal,Use,Pesticides (total),2015,tonnes of active ingredients,10006.41
Pesticides Use,Qatar,Use,Pesticides (total),2010,tonnes of active ingredients,68.0
Pesticides Use,Qatar,Use,Pesticides (total),2011,tonnes of active ingredients,68.0
Pesticides Use,Qatar,Use,Pesticides (total),2012,tonnes of active ingredients,68.0
Pesticides Use,Qatar,Use,Pesticides (total),2013,tonnes of active ingredients,68.0
Pesticides Use,Qatar,Use,Pesticides (total),2014,tonnes of active ingredients,68.0
Pesticides Use,Qatar,Use,Pesticides (total),2015,tonnes of active ingredients,68.0
Pesticides Use,Republic of Korea,Use,Pesticides (total),2010,tonnes of active ingredients,20431.0
Pesticides Use,Republic of Korea,Use,Pesticides (total),2011,tonnes of active ingredients,19131.0
Pesticides Use,Republic of Korea,Use,Pesticides (total),2012,tonnes of active ingredients,17438.0
Pesticides Use,Republic of Korea,Use,Pesticides (total),2013,tonnes of active ingredients,18708.0
Pesticides Use,Republic of Korea,Use,Pesticides (total),2014,tonnes of active ingredients,19788.0
Pesticides Use,Republic of Korea,Use,Pesticides (total),2015,tonnes of active ingredients,19482.0
Pesticides Use,Republic of Moldova,Use,Pesticides (total),2010,tonnes of active ingredients,2466.13
Pesticides Use,Republic of Moldova,Use,Pesticides (total),2011,tonnes of active ingredients,2453.95
Pesticides Use,Republic of Moldova,Use,Pesticides (total),2012,tonnes of active ingredients,2316.22
Pesticides Use,Republic of Moldova,Use,Pesticides (total),2013,tonnes of active ingredients,2409.25
Pesticides Use,Republic of Moldova,Use,Pesticides (total),2014,tonnes of active ingredients,3178.2
Pesticides Use,Republic of Moldova,Use,Pesticides (total),2015,tonnes of active ingredients,2803.0
Pesticides Use,Romania,Use,Pesticides (total),2010,tonnes of active ingredients,7249.2
Pesticides Use,Romania,Use,Pesticides (total),2011,tonnes of active ingredients,6582.9
Pesticides Use,Romania,Use,Pesticides (total),2012,tonnes of active ingredients,6418.7
Pesticides Use,Romania,Use,Pesticides (total),2013,tonnes of active ingredients,6947.9
Pesticides Use,Romania,Use,Pesticides (total),2014,tonnes of active ingredients,6723.8
Pesticides Use,Romania,Use,Pesticides (total),2015,tonnes of active ingredients,6608.04
Pesticides Use,Russian Federation,Use,Pesticides (total),2010,tonnes of active ingredients,25961.0
Pesticides Use,Russian Federation,Use,Pesticides (total),2011,tonnes of active ingredients,25961.0
Pesticides Use,Russian Federation,Use,Pesticides (total),2012,tonnes of active ingredients,25961.0
Pesticides Use,Russian Federation,Use,Pesticides (total),2013,tonnes of active ingredients,25961.0
Pesticides Use,Russian Federation,Use,Pesticides (total),2014,tonnes of active ingredients,25961.0
Pesticides Use,Russian Federation,Use,Pesticides (total),2015,tonnes of active ingredients,25961.0
Pesticides Use,Rwanda,Use,Pesticides (total),2010,tonnes of active ingredients,953.85
Pesticides Use,Rwanda,Use,Pesticides (total),2011,tonnes of active ingredients,181.6
Pesticides Use,Rwanda,Use,Pesticides (total),2012,tonnes of active ingredients,925.52
Pesticides Use,Rwanda,Use,Pesticides (total),2013,tonnes of active ingredients,1841.5
Pesticides Use,Rwanda,Use,Pesticides (total),2014,tonnes of active ingredients,2060.91
Pesticides Use,Rwanda,Use,Pesticides (total),2015,tonnes of active ingredients,2484.21
Pesticides Use,Saint Kitts and Nevis,Use,Pesticides (total),2010,tonnes of active ingredients,14.61
Pesticides Use,Saint Kitts and Nevis,Use,Pesticides (total),2011,tonnes of active ingredients,14.78
Pesticides Use,Saint Kitts and Nevis,Use,Pesticides (total),2012,tonnes of active ingredients,1.99
Pesticides Use,Saint Kitts and Nevis,Use,Pesticides (total),2013,tonnes of active ingredients,0.94
Pesticides Use,Saint Kitts and Nevis,Use,Pesticides (total),2014,tonnes of active ingredients,1.56
Pesticides Use,Saint Kitts and Nevis,Use,Pesticides (total),2015,tonnes of active ingredients,1.56
Pesticides Use,Saint Lucia,Use,Pesticides (total),2010,tonnes of active ingredients,196.0
Pesticides Use,Saint Lucia,Use,Pesticides (total),2011,tonnes of active ingredients,196.0
Pesticides Use,Saint Lucia,Use,Pesticides (total),2012,tonnes of active ingredients,196.0
Pesticides Use,Saint Lucia,Use,Pesticides (total),2013,tonnes of active ingredients,196.0
Pesticides Use,Saint Lucia,Use,Pesticides (total),2014,tonnes of active ingredients,196.0
Pesticides Use,Saint Lucia,Use,Pesticides (total),2015,tonnes of active ingredients,196.0
Pesticides Use,Samoa,Use,Pesticides (total),2010,tonnes of active ingredients,6.77
Pesticides Use,Samoa,Use,Pesticides (total),2011,tonnes of active ingredients,6.77
Pesticides Use,Samoa,Use,Pesticides (total),2012,tonnes of active ingredients,6.77
Pesticides Use,Samoa,Use,Pesticides (total),2013,tonnes of active ingredients,6.77
Pesticides Use,Samoa,Use,Pesticides (total),2014,tonnes of active ingredients,6.77
Pesticides Use,Samoa,Use,Pesticides (total),2015,tonnes of active ingredients,6.77
Pesticides Use,Saudi Arabia,Use,Pesticides (total),2010,tonnes of active ingredients,4684.4
Pesticides Use,Saudi Arabia,Use,Pesticides (total),2011,tonnes of active ingredients,4840.3
Pesticides Use,Saudi Arabia,Use,Pesticides (total),2012,tonnes of active ingredients,4996.2
Pesticides Use,Saudi Arabia,Use,Pesticides (total),2013,tonnes of active ingredients,5412.5
Pesticides Use,Saudi Arabia,Use,Pesticides (total),2014,tonnes of active ingredients,5412.5
Pesticides Use,Saudi Arabia,Use,Pesticides (total),2015,tonnes of active ingredients,5412.5
Pesticides Use,Senegal,Use,Pesticides (total),2010,tonnes of active ingredients,695.86
Pesticides Use,Senegal,Use,Pesticides (total),2011,tonnes of active ingredients,741.85
Pesticides Use,Senegal,Use,Pesticides (total),2012,tonnes of active ingredients,787.83
Pesticides Use,Senegal,Use,Pesticides (total),2013,tonnes of active ingredients,722.53
Pesticides Use,Senegal,Use,Pesticides (total),2014,tonnes of active ingredients,609.79
Pesticides Use,Senegal,Use,Pesticides (total),2015,tonnes of active ingredients,609.79
Pesticides Use,Seychelles,Use,Pesticides (total),2010,tonnes of active ingredients,18.75
Pesticides Use,Seychelles,Use,Pesticides (total),2011,tonnes of active ingredients,18.75
Pesticides Use,Seychelles,Use,Pesticides (total),2012,tonnes of active ingredients,18.75
Pesticides Use,Seychelles,Use,Pesticides (total),2013,tonnes of active ingredients,18.75
Pesticides Use,Seychelles,Use,Pesticides (total),2014,tonnes of active ingredients,18.75
Pesticides Use,Seychelles,Use,Pesticides (total),2015,tonnes of active ingredients,18.75
Pesticides Use,Slovakia,Use,Pesticides (total),2010,tonnes of active ingredients,1880.75
Pesticides Use,Slovakia,Use,Pesticides (total),2011,tonnes of active ingredients,1410.5
Pesticides Use,Slovakia,Use,Pesticides (total),2012,tonnes of active ingredients,1563.78
Pesticides Use,Slovakia,Use,Pesticides (total),2013,tonnes of active ingredients,1620.28
Pesticides Use,Slovakia,Use,Pesticides (total),2014,tonnes of active ingredients,1721.83
Pesticides Use,Slovakia,Use,Pesticides (total),2015,tonnes of active ingredients,1920.96
Pesticides Use,Slovenia,Use,Pesticides (total),2010,tonnes of active ingredients,1134.37
Pesticides Use,Slovenia,Use,Pesticides (total),2011,tonnes of active ingredients,1121.91
Pesticides Use,Slovenia,Use,Pesticides (total),2012,tonnes of active ingredients,1016.08
Pesticides Use,Slovenia,Use,Pesticides (total),2013,tonnes of active ingredients,917.49
Pesticides Use,Slovenia,Use,Pesticides (total),2014,tonnes of active ingredients,1009.92
Pesticides Use,Slovenia,Use,Pesticides (total),2015,tonnes of active ingredients,1046.84
Pesticides Use,South Africa,Use,Pesticides (total),2010,tonnes of active ingredients,26857.0
Pesticides Use,South Africa,Use,Pesticides (total),2011,tonnes of active ingredients,26857.0
Pesticides Use,South Africa,Use,Pesticides (total),2012,tonnes of active ingredients,26857.0
Pesticides Use,South Africa,Use,Pesticides (total),2013,tonnes of active ingredients,26857.0
Pesticides Use,South Africa,Use,Pesticides (total),2014,tonnes of active ingredients,26857.0
Pesticides Use,South Africa,Use,Pesticides (total),2015,tonnes of active ingredients,26857.0
Pesticides Use,Spain,Use,Pesticides (total),2010,tonnes of active ingredients,39043.0
Pesticides Use,Spain,Use,Pesticides (total),2011,tonnes of active ingredients,53549.0
Pesticides Use,Spain,Use,Pesticides (total),2012,tonnes of active ingredients,48668.0
Pesticides Use,Spain,Use,Pesticides (total),2013,tonnes of active ingredients,54197.0
Pesticides Use,Spain,Use,Pesticides (total),2014,tonnes of active ingredients,61067.0
Pesticides Use,Spain,Use,Pesticides (total),2015,tonnes of active ingredients,59018.0
Pesticides Use,Sri Lanka,Use,Pesticides (total),2010,tonnes of active ingredients,1450.54
Pesticides Use,Sri Lanka,Use,Pesticides (total),2011,tonnes of active ingredients,1290.31
Pesticides Use,Sri Lanka,Use,Pesticides (total),2012,tonnes of active ingredients,1112.8
Pesticides Use,Sri Lanka,Use,Pesticides (total),2013,tonnes of active ingredients,1235.31
Pesticides Use,Sri Lanka,Use,Pesticides (total),2014,tonnes of active ingredients,933.34
Pesticides Use,Sri Lanka,Use,Pesticides (total),2015,tonnes of active ingredients,2539.92
Pesticides Use,Sudan,Use,Pesticides (total),2012,tonnes of active ingredients,2469.47
Pesticides Use,Sudan,Use,Pesticides (total),2013,tonnes of active ingredients,2469.47
Pesticides Use,Sudan,Use,Pesticides (total),2014,tonnes of active ingredients,2469.47
Pesticides Use,Sudan,Use,Pesticides (total),2015,tonnes of active ingredients,2469.47
Pesticides Use,Sudan (former),Use,Pesticides (total),2010,tonnes of active ingredients,2862.47
Pesticides Use,Sudan (former),Use,Pesticides (total),2011,tonnes of active ingredients,2862.47
Pesticides Use,Suriname,Use,Pesticides (total),2010,tonnes of active ingredients,1286.65
Pesticides Use,Suriname,Use,Pesticides (total),2011,tonnes of active ingredients,936.24
Pesticides Use,Suriname,Use,Pesticides (total),2012,tonnes of active ingredients,633.92
Pesticides Use,Suriname,Use,Pesticides (total),2013,tonnes of active ingredients,537.49
Pesticides Use,Suriname,Use,Pesticides (total),2014,tonnes of active ingredients,622.53
Pesticides Use,Suriname,Use,Pesticides (total),2015,tonnes of active ingredients,982.84
Pesticides Use,Sweden,Use,Pesticides (total),2010,tonnes of active ingredients,1982.0
Pesticides Use,Sweden,Use,Pesticides (total),2011,tonnes of active ingredients,1781.0
Pesticides Use,Sweden,Use,Pesticides (total),2012,tonnes of active ingredients,1814.0
Pesticides Use,Sweden,Use,Pesticides (total),2013,tonnes of active ingredients,1620.0
Pesticides Use,Sweden,Use,Pesticides (total),2014,tonnes of active ingredients,1880.0
Pesticides Use,Sweden,Use,Pesticides (total),2015,tonnes of active ingredients,1836.2
Pesticides Use,Switzerland,Use,Pesticides (total),2010,tonnes of active ingredients,2059.6
Pesticides Use,Switzerland,Use,Pesticides (total),2011,tonnes of active ingredients,2132.14
Pesticides Use,Switzerland,Use,Pesticides (total),2012,tonnes of active ingredients,2077.9
Pesticides Use,Switzerland,Use,Pesticides (total),2013,tonnes of active ingredients,2098.5
Pesticides Use,Switzerland,Use,Pesticides (total),2014,tonnes of active ingredients,2052.24
Pesticides Use,Switzerland,Use,Pesticides (total),2015,tonnes of active ingredients,2147.76
Pesticides Use,Syrian Arab Republic,Use,Pesticides (total),2010,tonnes of active ingredients,974.79
Pesticides Use,Syrian Arab Republic,Use,Pesticides (total),2011,tonnes of active ingredients,974.79
Pesticides Use,Syrian Arab Republic,Use,Pesticides (total),2012,tonnes of active ingredients,974.79
Pesticides Use,Syrian Arab Republic,Use,Pesticides (total),2013,tonnes of active ingredients,974.79
Pesticides Use,Syrian Arab Republic,Use,Pesticides (total),2014,tonnes of active ingredients,974.79
Pesticides Use,Syrian Arab Republic,Use,Pesticides (total),2015,tonnes of active ingredients,974.79
Pesticides Use,Tajikistan,Use,Pesticides (total),2010,tonnes of active ingredients,262.1
Pesticides Use,Tajikistan,Use,Pesticides (total),2011,tonnes of active ingredients,264.6
Pesticides Use,Tajikistan,Use,Pesticides (total),2012,tonnes of active ingredients,264.6
Pesticides Use,Tajikistan,Use,Pesticides (total),2013,tonnes of active ingredients,264.6
Pesticides Use,Tajikistan,Use,Pesticides (total),2014,tonnes of active ingredients,264.6
Pesticides Use,Tajikistan,Use,Pesticides (total),2015,tonnes of active ingredients,264.6
Pesticides Use,Thailand,Use,Pesticides (total),2010,tonnes of active ingredients,68986.0
Pesticides Use,Thailand,Use,Pesticides (total),2011,tonnes of active ingredients,87191.0
Pesticides Use,Thailand,Use,Pesticides (total),2012,tonnes of active ingredients,69921.0
Pesticides Use,Thailand,Use,Pesticides (total),2013,tonnes of active ingredients,8136.0
Pesticides Use,Thailand,Use,Pesticides (total),2014,tonnes of active ingredients,21800.0
Pesticides Use,Thailand,Use,Pesticides (total),2015,tonnes of active ingredients,21800.0
Pesticides Use,The former Yugoslav Republic of Macedonia,Use,Pesticides (total),2010,tonnes of active ingredients,98.0
Pesticides Use,The former Yugoslav Republic of Macedonia,Use,Pesticides (total),2011,tonnes of active ingredients,98.0
Pesticides Use,The former Yugoslav Republic of Macedonia,Use,Pesticides (total),2012,tonnes of active ingredients,98.0
Pesticides Use,The former Yugoslav Republic of Macedonia,Use,Pesticides (total),2013,tonnes of active ingredients,98.0
Pesticides Use,The former Yugoslav Republic of Macedonia,Use,Pesticides (total),2014,tonnes of active ingredients,98.0
Pesticides Use,The former Yugoslav Republic of Macedonia,Use,Pesticides (total),2015,tonnes of active ingredients,98.0
Pesticides Use,Timor-Leste,Use,Pesticides (total),2010,tonnes of active ingredients,1.78
Pesticides Use,Timor-Leste,Use,Pesticides (total),2011,tonnes of active ingredients,1.78
Pesticides Use,Timor-Leste,Use,Pesticides (total),2012,tonnes of active ingredients,1.78
Pesticides Use,Timor-Leste,Use,Pesticides (total),2013,tonnes of active ingredients,1.78
Pesticides Use,Timor-Leste,Use,Pesticides (total),2014,tonnes of active ingredients,1.78
Pesticides Use,Timor-Leste,Use,Pesticides (total),2015,tonnes of active ingredients,1.78
Pesticides Use,Togo,Use,Pesticides (total),2010,tonnes of active ingredients,242.01
Pesticides Use,Togo,Use,Pesticides (total),2011,tonnes of active ingredients,145.74
Pesticides Use,Togo,Use,Pesticides (total),2012,tonnes of active ingredients,341.43
Pesticides Use,Togo,Use,Pesticides (total),2013,tonnes of active ingredients,371.9
Pesticides Use,Togo,Use,Pesticides (total),2014,tonnes of active ingredients,812.89
Pesticides Use,Togo,Use,Pesticides (total),2015,tonnes of active ingredients,1117.98
Pesticides Use,Tonga,Use,Pesticides (total),2010,tonnes of active ingredients,11.21
Pesticides Use,Tonga,Use,Pesticides (total),2011,tonnes of active ingredients,11.21
Pesticides Use,Tonga,Use,Pesticides (total),2012,tonnes of active ingredients,11.21
Pesticides Use,Tonga,Use,Pesticides (total),2013,tonnes of active ingredients,11.21
Pesticides Use,Tonga,Use,Pesticides (total),2014,tonnes of active ingredients,15.09
Pesticides Use,Tonga,Use,Pesticides (total),2015,tonnes of active ingredients,15.09
Pesticides Use,Trinidad and Tobago,Use,Pesticides (total),2010,tonnes of active ingredients,2026.91
Pesticides Use,Trinidad and Tobago,Use,Pesticides (total),2011,tonnes of active ingredients,170.34
Pesticides Use,Trinidad and Tobago,Use,Pesticides (total),2012,tonnes of active ingredients,2101.23
Pesticides Use,Trinidad and Tobago,Use,Pesticides (total),2013,tonnes of active ingredients,856.9
Pesticides Use,Trinidad and Tobago,Use,Pesticides (total),2014,tonnes of active ingredients,1170.81
Pesticides Use,Trinidad and Tobago,Use,Pesticides (total),2015,tonnes of active ingredients,1170.81
Pesticides Use,Tunisia,Use,Pesticides (total),2010,tonnes of active ingredients,422.24
Pesticides Use,Tunisia,Use,Pesticides (total),2011,tonnes of active ingredients,422.24
Pesticides Use,Tunisia,Use,Pesticides (total),2012,tonnes of active ingredients,422.24
Pesticides Use,Tunisia,Use,Pesticides (total),2013,tonnes of active ingredients,422.24
Pesticides Use,Tunisia,Use,Pesticides (total),2014,tonnes of active ingredients,422.24
Pesticides Use,Tunisia,Use,Pesticides (total),2015,tonnes of active ingredients,422.24
Pesticides Use,Turkey,Use,Pesticides (total),2010,tonnes of active ingredients,38554.69
Pesticides Use,Turkey,Use,Pesticides (total),2011,tonnes of active ingredients,39534.43
Pesticides Use,Turkey,Use,Pesticides (total),2012,tonnes of active ingredients,42610.59
Pesticides Use,Turkey,Use,Pesticides (total),2013,tonnes of active ingredients,39440.0
Pesticides Use,Turkey,Use,Pesticides (total),2014,tonnes of active ingredients,39722.72
Pesticides Use,Turkey,Use,Pesticides (total),2015,tonnes of active ingredients,39026.0
Pesticides Use,Turkmenistan,Use,Pesticides (total),2010,tonnes of active ingredients,9712.0
Pesticides Use,Turkmenistan,Use,Pesticides (total),2011,tonnes of active ingredients,9712.0
Pesticides Use,Turkmenistan,Use,Pesticides (total),2012,tonnes of active ingredients,9712.0
Pesticides Use,Turkmenistan,Use,Pesticides (total),2013,tonnes of active ingredients,9712.0
Pesticides Use,Turkmenistan,Use,Pesticides (total),2014,tonnes of active ingredients,9712.0
Pesticides Use,Turkmenistan,Use,Pesticides (total),2015,tonnes of active ingredients,9712.0
Pesticides Use,Uganda,Use,Pesticides (total),2010,tonnes of active ingredients,88.0
Pesticides Use,Uganda,Use,Pesticides (total),2011,tonnes of active ingredients,88.0
Pesticides Use,Uganda,Use,Pesticides (total),2012,tonnes of active ingredients,88.0
Pesticides Use,Uganda,Use,Pesticides (total),2013,tonnes of active ingredients,88.0
Pesticides Use,Uganda,Use,Pesticides (total),2014,tonnes of active ingredients,88.0
Pesticides Use,Uganda,Use,Pesticides (total),2015,tonnes of active ingredients,88.0
Pesticides Use,Ukraine,Use,Pesticides (total),2010,tonnes of active ingredients,62534.6
Pesticides Use,Ukraine,Use,Pesticides (total),2011,tonnes of active ingredients,79491.7
Pesticides Use,Ukraine,Use,Pesticides (total),2012,tonnes of active ingredients,90814.8
Pesticides Use,Ukraine,Use,Pesticides (total),2013,tonnes of active ingredients,86781.8
Pesticides Use,Ukraine,Use,Pesticides (total),2014,tonnes of active ingredients,78201.0
Pesticides Use,Ukraine,Use,Pesticides (total),2015,tonnes of active ingredients,78201.0
Pesticides Use,United Kingdom,Use,Pesticides (total),2010,tonnes of active ingredients,16770.87
Pesticides Use,United Kingdom,Use,Pesticides (total),2011,tonnes of active ingredients,16401.66
Pesticides Use,United Kingdom,Use,Pesticides (total),2012,tonnes of active ingredients,17718.64
Pesticides Use,United Kingdom,Use,Pesticides (total),2013,tonnes of active ingredients,17673.46
Pesticides Use,United Kingdom,Use,Pesticides (total),2014,tonnes of active ingredients,18392.45
Pesticides Use,United Kingdom,Use,Pesticides (total),2015,tonnes of active ingredients,18302.28
Pesticides Use,United Republic of Tanzania,Use,Pesticides (total),2010,tonnes of active ingredients,1.0
Pesticides Use,United Republic of Tanzania,Use,Pesticides (total),2011,tonnes of active ingredients,1.0
Pesticides Use,United Republic of Tanzania,Use,Pesticides (total),2012,tonnes of active ingredients,1.0
Pesticides Use,United Republic of Tanzania,Use,Pesticides (total),2013,tonnes of active ingredients,1.0
Pesticides Use,United Republic of Tanzania,Use,Pesticides (total),2014,tonnes of active ingredients,1.0
Pesticides Use,United Republic of Tanzania,Use,Pesticides (total),2015,tonnes of active ingredients,1.0
Pesticides Use,United States of America,Use,Pesticides (total),2010,tonnes of active ingredients,374818.2
Pesticides Use,United States of America,Use,Pesticides (total),2011,tonnes of active ingredients,391298.7
Pesticides Use,United States of America,Use,Pesticides (total),2012,tonnes of active ingredients,407779.2
Pesticides Use,United States of America,Use,Pesticides (total),2013,tonnes of active ingredients,407779.2
Pesticides Use,United States of America,Use,Pesticides (total),2014,tonnes of active ingredients,407779.2
Pesticides Use,United States of America,Use,Pesticides (total),2015,tonnes of active ingredients,407779.2
Pesticides Use,Uruguay,Use,Pesticides (total),2010,tonnes of active ingredients,14981.18
Pesticides Use,Uruguay,Use,Pesticides (total),2011,tonnes of active ingredients,17517.76
Pesticides Use,Uruguay,Use,Pesticides (total),2012,tonnes of active ingredients,23506.4
Pesticides Use,Uruguay,Use,Pesticides (total),2013,tonnes of active ingredients,19028.6
Pesticides Use,Uruguay,Use,Pesticides (total),2014,tonnes of active ingredients,22962.2
Pesticides Use,Uruguay,Use,Pesticides (total),2015,tonnes of active ingredients,14067.8
Pesticides Use,Vanuatu,Use,Pesticides (total),2010,tonnes of active ingredients,131.0
Pesticides Use,Vanuatu,Use,Pesticides (total),2011,tonnes of active ingredients,131.0
Pesticides Use,Vanuatu,Use,Pesticides (total),2012,tonnes of active ingredients,131.0
Pesticides Use,Vanuatu,Use,Pesticides (total),2013,tonnes of active ingredients,131.0
Pesticides Use,Vanuatu,Use,Pesticides (total),2014,tonnes of active ingredients,131.0
Pesticides Use,Vanuatu,Use,Pesticides (total),2015,tonnes of active ingredients,131.0
Pesticides Use,Venezuela (Bolivarian Republic of),Use,Pesticides (total),2010,tonnes of active ingredients,3928.0
Pesticides Use,Venezuela (Bolivarian Republic of),Use,Pesticides (total),2011,tonnes of active ingredients,3928.0
Pesticides Use,Venezuela (Bolivarian Republic of),Use,Pesticides (total),2012,tonnes of active ingredients,3928.0
Pesticides Use,Venezuela (Bolivarian Republic of),Use,Pesticides (total),2013,tonnes of active ingredients,3928.0
Pesticides Use,Venezuela (Bolivarian Republic of),Use,Pesticides (total),2014,tonnes of active ingredients,3928.0
Pesticides Use,Venezuela (Bolivarian Republic of),Use,Pesticides (total),2015,tonnes of active ingredients,3928.0
Pesticides Use,Viet Nam,Use,Pesticides (total),2010,tonnes of active ingredients,19154.0
Pesticides Use,Viet Nam,Use,Pesticides (total),2011,tonnes of active ingredients,19154.0
Pesticides Use,Viet Nam,Use,Pesticides (total),2012,tonnes of active ingredients,19154.0
Pesticides Use,Viet Nam,Use,Pesticides (total),2013,tonnes of active ingredients,19154.0
Pesticides Use,Viet Nam,Use,Pesticides (total),2014,tonnes of active ingredients,19154.0
Pesticides Use,Viet Nam,Use,Pesticides (total),2015,tonnes of active ingredients,19154.0
Pesticides Use,Yemen,Use,Pesticides (total),2010,tonnes of active ingredients,133.85
Pesticides Use,Yemen,Use,Pesticides (total),2011,tonnes of active ingredients,109.59
Pesticides Use,Yemen,Use,Pesticides (total),2012,tonnes of active ingredients,109.59
Pesticides Use,Yemen,Use,Pesticides (total),2013,tonnes of active ingredients,109.59
Pesticides Use,Yemen,Use,Pesticides (total),2014,tonnes of active ingredients,109.59
Pesticides Use,Yemen,Use,Pesticides (total),2015,tonnes of active ingredients,109.59
Pesticides Use,Zambia,Use,Pesticides (total),2010,tonnes of active ingredients,1670.0
Pesticides Use,Zambia,Use,Pesticides (total),2011,tonnes of active ingredients,1670.0
Pesticides Use,Zambia,Use,Pesticides (total),2012,tonnes of active ingredients,1670.0
Pesticides Use,Zambia,Use,Pesticides (total),2013,tonnes of active ingredients,1670.0
Pesticides Use,Zambia,Use,Pesticides (total),2014,tonnes of active ingredients,1670.0
Pesticides Use,Zambia,Use,Pesticides (total),2015,tonnes of active ingredients,1670.0
Pesticides Use,Zimbabwe,Use,Pesticides (total),2010,tonnes of active ingredients,3305.17
Pesticides Use,Zimbabwe,Use,Pesticides (total),2011,tonnes of active ingredients,3340.35
Pesticides Use,Zimbabwe,Use,Pesticides (total),2012,tonnes of active ingredients,3375.53
Pesticides Use,Zimbabwe,Use,Pesticides (total),2013,tonnes of active ingredients,2550.07
Pesticides Use,Zimbabwe,Use,Pesticides (total),2014,tonnes of active ingredients,2185.07
Pesticides Use,Zimbabwe,Use,Pesticides (total),2015,tonnes of active ingredients,2185.07
